<?xml version = '1.0' encoding = 'UTF-8'?>
<relationalModel class="oracle.dbtools.crest.model.design.relational.RelationalDesign" name="Relational_1" id="F0D5BC67-A73D-A5E7-5136-7CF41FDB6EBD" mainViewID="10F5B558-303A-1DB5-2D06-6F375B83DC8F">
<createdBy>huangsirui</createdBy>
<createdTime>2023-09-08 04:33:26 UTC</createdTime>
<ownerDesignName>pf_oraclemodel</ownerDesignName>
<shouldBeOpen>false</shouldBeOpen>
<selectedRDBMSSite>3FD120B5-9F4E-6278-D5E2-746D192C8319</selectedRDBMSSite>
</relationalModel>