<?xml version = '1.0' encoding = 'UTF-8'?>
<Diagram class="oracle.dbtools.crest.swingui.logical.DPVLogical" name="Logical" id="E804F164-7046-19C6-309D-D7E073052CA3">
<createdBy>A01_Group015</createdBy>
<modifiedBy>A01_Group015</modifiedBy>
<createdTime>2023-09-08 04:32:25 UTC</createdTime>
<autoRoute>false</autoRoute>
<boxInbox>true</boxInbox>
<showLegend>true</showLegend>
<showLabels>true</showLabels>
<showRelAttributes>false</showRelAttributes>
<gridEnabled>false</gridEnabled>
<showGrid>false</showGrid>
<diagramColor>-1</diagramColor>
<legendPosX>18</legendPosX>
<legendPosY>14</legendPosY>
<display>false</display>
<notation>2</notation>
<showAllDetails>false</showAllDetails>
<showElements>true</showElements>
<objectViews>
<OView class="oracle.dbtools.crest.swingui.logical.TVEntity" oid="0F4472D2-B1CC-45AD-251C-B22E4B01A54A" otype="Entity" vid="2AD5B69D-4498-ACC6-2F3B-4FF6722D8188">
<hideElementsInCurrentOnly>false</hideElementsInCurrentOnly>
<bounds x="727" y="396" width="173" height="203"/>
</OView>
<OView class="oracle.dbtools.crest.swingui.logical.TVEntity" oid="2471E679-060D-9848-424A-1CB6EDDAA886" otype="Entity" vid="972FD00E-7B81-0FC4-42BA-6BAC348B0658">
<hideElementsInCurrentOnly>false</hideElementsInCurrentOnly>
<bounds x="1046" y="248" width="175" height="112"/>
</OView>
<OView class="oracle.dbtools.crest.swingui.logical.TVEntity" oid="2E82D699-D924-0FC5-2905-43D28781E335" otype="Entity" vid="54E5E2D0-A8AD-C579-CB99-5909F510ACF0">
<hideElementsInCurrentOnly>false</hideElementsInCurrentOnly>
<bounds x="1362" y="436" width="170" height="110"/>
</OView>
<OView class="oracle.dbtools.crest.swingui.logical.TVEntity" oid="3405AF2F-B6C5-A9DB-2D1B-65DB9C1E9923" otype="Entity" vid="6422ED68-23B8-3CE7-36E2-6167E7CEF992">
<hideElementsInCurrentOnly>false</hideElementsInCurrentOnly>
<bounds x="1046" y="437" width="170" height="110"/>
</OView>
<OView class="oracle.dbtools.crest.swingui.logical.TVEntity" oid="5182910D-FCF2-FCB4-7839-AC19BFE6352D" otype="Entity" vid="C968373B-E591-26C6-5B26-BE4349A5FDD0">
<hideElementsInCurrentOnly>false</hideElementsInCurrentOnly>
<bounds x="1356" y="249" width="177" height="114"/>
</OView>
<OView class="oracle.dbtools.crest.swingui.logical.TVEntity" oid="5865C74F-84DF-303F-1DDD-185290950A28" otype="Entity" vid="D1FE462F-8E04-D2F2-7849-45584E1A9AE9">
<hideElementsInCurrentOnly>false</hideElementsInCurrentOnly>
<bounds x="437" y="258" width="175" height="110"/>
</OView>
<OView class="oracle.dbtools.crest.swingui.logical.TVEntity" oid="654C2B53-ED8A-632A-5EBC-83C296177050" otype="Entity" vid="3FF63CB0-6964-BB46-FB01-C399DD5D599A">
<hideElementsInCurrentOnly>false</hideElementsInCurrentOnly>
<bounds x="66" y="685" width="162" height="130"/>
</OView>
<OView class="oracle.dbtools.crest.swingui.logical.TVEntity" oid="6DC76BC1-B778-2CA5-04F2-D9F324A3602F" otype="Entity" vid="DC1F5507-0A64-05AA-D3BE-E2348470E888">
<hideElementsInCurrentOnly>false</hideElementsInCurrentOnly>
<bounds x="732" y="916" width="170" height="110"/>
</OView>
<OView class="oracle.dbtools.crest.swingui.logical.TVEntity" oid="93B147B8-4EFC-3105-AC6D-D07C5B2A7676" otype="Entity" vid="CCDC6421-CA26-5E26-8DC4-31CDC8D13BC2">
<hideElementsInCurrentOnly>false</hideElementsInCurrentOnly>
<bounds x="437" y="441" width="176" height="124"/>
</OView>
<OView class="oracle.dbtools.crest.swingui.logical.TVEntity" oid="97EFB7D2-A0AE-6BE1-38B1-2C6F58E746EC" otype="Entity" vid="BB4333C1-7C21-89BC-C336-D0682F550880">
<hideElementsInCurrentOnly>false</hideElementsInCurrentOnly>
<bounds x="69" y="452" width="152" height="106"/>
</OView>
<OView class="oracle.dbtools.crest.swingui.logical.TVEntity" oid="A2CAE241-F4F2-7221-65F3-8DEB2AD3E604" otype="Entity" vid="7E3AD57A-1783-316B-9330-A5E8FD1706A4">
<hideElementsInCurrentOnly>false</hideElementsInCurrentOnly>
<bounds x="437" y="686" width="181" height="120"/>
</OView>
<OView class="oracle.dbtools.crest.swingui.logical.TVEntity" oid="DBA1394D-F796-BC51-8192-14A38BA6FDBD" otype="Entity" vid="5040D288-A7A0-EA7B-F401-8F1F0B27C56A">
<hideElementsInCurrentOnly>false</hideElementsInCurrentOnly>
<bounds x="1049" y="685" width="170" height="110"/>
</OView>
<OView class="oracle.dbtools.crest.swingui.logical.TVEntity" oid="DDBB43ED-984B-C9BE-6C2A-2C7D2D92F08B" otype="Entity" vid="D0A305B6-C4BC-7FDA-A1BF-A086D224852F">
<hideElementsInCurrentOnly>false</hideElementsInCurrentOnly>
<bounds x="729" y="690" width="170" height="110"/>
</OView>
<OView class="oracle.dbtools.crest.swingui.TVLegend" oid="F842A60D-64DA-58D8-BA18-501109D32C93" otype="Legend" vid="B417E61E-3019-9946-D014-1570642E984C">
<hideElementsInCurrentOnly>false</hideElementsInCurrentOnly>
<bounds x="18" y="14" width="226" height="128"/>
</OView>
</objectViews>
<connectors>
<Connector class="oracle.dbtools.crest.swingui.logical.TVRelation" oid="0D493AF2-80B0-F1FB-3F98-4DD5EC78E72B" otype="Relation" vid_source="BB4333C1-7C21-89BC-C336-D0682F550880" vid_target="CCDC6421-CA26-5E26-8DC4-31CDC8D13BC2">
<hideElementsInCurrentOnly>false</hideElementsInCurrentOnly>
<backgroundColor>-16777216</backgroundColor>
<lineWidth>1</lineWidth>
<sourceLabel class="oracle.dbtools.crest.model.design.Label">
<site>0</site>
<labelBounds x="231" y="486" width="62" height="19"/>
<noBackgroundColor>true</noBackgroundColor>
<noForegroundColor>true</noForegroundColor>
</sourceLabel>
<targetLabel class="oracle.dbtools.crest.model.design.Label">
<site>2</site>
<labelBounds x="346" y="508" width="85" height="32"/>
<noBackgroundColor>true</noBackgroundColor>
<noForegroundColor>true</noForegroundColor>
</targetLabel>
<points>
<point x="221" y="505"/>
<point x="437" y="505"/>
</points>
</Connector>
<Connector class="oracle.dbtools.crest.swingui.logical.TVRelation" oid="108B5D2B-39F2-3875-9246-B4FB0C9099AD" otype="Relation" vid_source="BB4333C1-7C21-89BC-C336-D0682F550880" vid_target="CCDC6421-CA26-5E26-8DC4-31CDC8D13BC2">
<hideElementsInCurrentOnly>false</hideElementsInCurrentOnly>
<backgroundColor>-16777216</backgroundColor>
<lineWidth>1</lineWidth>
<sourceLabel class="oracle.dbtools.crest.model.design.Label">
<site>0</site>
<labelBounds x="231" y="482" width="81" height="38"/>
<noBackgroundColor>true</noBackgroundColor>
<noForegroundColor>true</noForegroundColor>
</sourceLabel>
<targetLabel class="oracle.dbtools.crest.model.design.Label">
<site>2</site>
<labelBounds x="297" y="523" width="134" height="86"/>
<noBackgroundColor>true</noBackgroundColor>
<noForegroundColor>true</noForegroundColor>
</targetLabel>
<points>
<point x="221" y="520"/>
<point x="437" y="520"/>
</points>
</Connector>
<Connector class="oracle.dbtools.crest.swingui.logical.TVRelation" oid="18F237DD-171A-04EC-DFDB-4D4232C21C62" otype="Relation" vid_source="CCDC6421-CA26-5E26-8DC4-31CDC8D13BC2" vid_target="7E3AD57A-1783-316B-9330-A5E8FD1706A4">
<hideElementsInCurrentOnly>false</hideElementsInCurrentOnly>
<backgroundColor>-16777216</backgroundColor>
<lineWidth>1</lineWidth>
<sourceLabel class="oracle.dbtools.crest.model.design.Label">
<site>0</site>
<labelBounds x="525" y="609" width="82" height="30"/>
<noBackgroundColor>true</noBackgroundColor>
<noForegroundColor>true</noForegroundColor>
</sourceLabel>
<targetLabel class="oracle.dbtools.crest.model.design.Label">
<site>2</site>
<labelBounds x="525" y="650" width="18" height="30"/>
<noBackgroundColor>true</noBackgroundColor>
<noForegroundColor>true</noForegroundColor>
</targetLabel>
<points>
<point x="525" y="565"/>
<point x="525" y="686"/>
</points>
</Connector>
<Connector class="oracle.dbtools.crest.swingui.logical.TVRelation" oid="1A85272C-9404-4F08-9E57-D4457200ED60" otype="Relation" vid_source="DC1F5507-0A64-05AA-D3BE-E2348470E888" vid_target="D0A305B6-C4BC-7FDA-A1BF-A086D224852F">
<hideElementsInCurrentOnly>false</hideElementsInCurrentOnly>
<backgroundColor>-16777216</backgroundColor>
<lineWidth>1</lineWidth>
<sourceLabel class="oracle.dbtools.crest.model.design.Label">
<site>0</site>
<labelBounds x="815" y="856" width="49" height="54"/>
<noBackgroundColor>true</noBackgroundColor>
<noForegroundColor>true</noForegroundColor>
</sourceLabel>
<targetLabel class="oracle.dbtools.crest.model.design.Label">
<site>2</site>
<labelBounds x="815" y="860" width="18" height="30"/>
<noBackgroundColor>true</noBackgroundColor>
<noForegroundColor>true</noForegroundColor>
</targetLabel>
<points>
<point x="815" y="916"/>
<point x="815" y="800"/>
</points>
</Connector>
<Connector class="oracle.dbtools.crest.swingui.logical.TVRelation" oid="1C3A861C-976F-487F-6025-0FD4F9DC079C" otype="Relation" vid_source="2AD5B69D-4498-ACC6-2F3B-4FF6722D8188" vid_target="972FD00E-7B81-0FC4-42BA-6BAC348B0658">
<hideElementsInCurrentOnly>false</hideElementsInCurrentOnly>
<backgroundColor>-16777216</backgroundColor>
<lineWidth>1</lineWidth>
<sourceLabel class="oracle.dbtools.crest.model.design.Label">
<site>0</site>
<labelBounds x="866" y="352" width="92" height="38"/>
<noBackgroundColor>true</noBackgroundColor>
<noForegroundColor>true</noForegroundColor>
</sourceLabel>
<targetLabel class="oracle.dbtools.crest.model.design.Label">
<site>2</site>
<labelBounds x="1019" y="298" width="21" height="30"/>
<noBackgroundColor>true</noBackgroundColor>
<noForegroundColor>true</noForegroundColor>
</targetLabel>
<points>
<point x="866" y="396"/>
<point x="866" y="367"/>
<point x="866" y="295"/>
<point x="1046" y="295"/>
</points>
</Connector>
<Connector class="oracle.dbtools.crest.swingui.logical.TVRelation" oid="2B8CB46B-8F7A-9D45-CA06-FFBF9A8087D4" otype="Relation" vid_source="BB4333C1-7C21-89BC-C336-D0682F550880" vid_target="2AD5B69D-4498-ACC6-2F3B-4FF6722D8188">
<hideElementsInCurrentOnly>false</hideElementsInCurrentOnly>
<backgroundColor>-16777216</backgroundColor>
<lineWidth>1</lineWidth>
<sourceLabel class="oracle.dbtools.crest.model.design.Label">
<site>0</site>
<labelBounds x="139" y="391" width="125" height="55"/>
<noBackgroundColor>true</noBackgroundColor>
<noForegroundColor>true</noForegroundColor>
</sourceLabel>
<targetLabel class="oracle.dbtools.crest.model.design.Label">
<site>2</site>
<labelBounds x="816" y="223" width="150" height="159"/>
<noBackgroundColor>true</noBackgroundColor>
<noForegroundColor>true</noForegroundColor>
</targetLabel>
<points>
<point x="139" y="452"/>
<point x="139" y="210"/>
<point x="816" y="210"/>
<point x="816" y="396"/>
</points>
</Connector>
<Connector class="oracle.dbtools.crest.swingui.logical.TVRelation" oid="2C7525E6-ED3F-7076-A66A-42746AF3AB5D" otype="Relation" vid_source="2AD5B69D-4498-ACC6-2F3B-4FF6722D8188" vid_target="2AD5B69D-4498-ACC6-2F3B-4FF6722D8188">
<hideElementsInCurrentOnly>false</hideElementsInCurrentOnly>
<backgroundColor>-16777216</backgroundColor>
<lineWidth>1</lineWidth>
<sourceLabel class="oracle.dbtools.crest.model.design.Label">
<site>0</site>
<labelBounds x="948" y="527" width="44" height="30"/>
<noBackgroundColor>true</noBackgroundColor>
<noForegroundColor>true</noForegroundColor>
</sourceLabel>
<targetLabel class="oracle.dbtools.crest.model.design.Label">
<site>2</site>
<labelBounds x="858" y="621" width="18" height="30"/>
<noBackgroundColor>true</noBackgroundColor>
<noForegroundColor>true</noForegroundColor>
</targetLabel>
<points>
<point x="900" y="542"/>
<point x="948" y="542"/>
<point x="948" y="635"/>
<point x="858" y="634"/>
<point x="858" y="599"/>
</points>
</Connector>
<Connector class="oracle.dbtools.crest.swingui.logical.TVRelation" oid="4B4B0942-FBA9-109B-395F-304853DEA61B" otype="Relation" vid_source="54E5E2D0-A8AD-C579-CB99-5909F510ACF0" vid_target="6422ED68-23B8-3CE7-36E2-6167E7CEF992">
<hideElementsInCurrentOnly>false</hideElementsInCurrentOnly>
<backgroundColor>-16777216</backgroundColor>
<lineWidth>1</lineWidth>
<sourceLabel class="oracle.dbtools.crest.model.design.Label">
<site>0</site>
<labelBounds x="1285" y="472" width="71" height="19"/>
<noBackgroundColor>true</noBackgroundColor>
<noForegroundColor>true</noForegroundColor>
</sourceLabel>
<targetLabel class="oracle.dbtools.crest.model.design.Label">
<site>2</site>
<labelBounds x="1226" y="494" width="18" height="30"/>
<noBackgroundColor>true</noBackgroundColor>
<noForegroundColor>true</noForegroundColor>
</targetLabel>
<points>
<point x="1362" y="491"/>
<point x="1216" y="491"/>
</points>
</Connector>
<Connector class="oracle.dbtools.crest.swingui.logical.TVRelation" oid="5470C153-006F-6395-07AC-9717DF067725" otype="Relation" vid_source="3FF63CB0-6964-BB46-FB01-C399DD5D599A" vid_target="7E3AD57A-1783-316B-9330-A5E8FD1706A4">
<hideElementsInCurrentOnly>false</hideElementsInCurrentOnly>
<backgroundColor>-16777216</backgroundColor>
<lineWidth>1</lineWidth>
<sourceLabel class="oracle.dbtools.crest.model.design.Label">
<site>0</site>
<labelBounds x="238" y="726" width="58" height="20"/>
<noBackgroundColor>true</noBackgroundColor>
<noForegroundColor>true</noForegroundColor>
</sourceLabel>
<targetLabel class="oracle.dbtools.crest.model.design.Label">
<site>2</site>
<labelBounds x="413" y="749" width="18" height="30"/>
<noBackgroundColor>true</noBackgroundColor>
<noForegroundColor>true</noForegroundColor>
</targetLabel>
<points>
<point x="228" y="746"/>
<point x="437" y="746"/>
</points>
</Connector>
<Connector class="oracle.dbtools.crest.swingui.logical.TVRelation" oid="7FB26122-F066-8FEA-BB6B-C1866B3C5BEA" otype="Relation" vid_source="2AD5B69D-4498-ACC6-2F3B-4FF6722D8188" vid_target="D0A305B6-C4BC-7FDA-A1BF-A086D224852F">
<hideElementsInCurrentOnly>false</hideElementsInCurrentOnly>
<backgroundColor>-16777216</backgroundColor>
<lineWidth>1</lineWidth>
<sourceLabel class="oracle.dbtools.crest.model.design.Label">
<site>0</site>
<labelBounds x="814" y="651" width="65" height="30"/>
<noBackgroundColor>true</noBackgroundColor>
<noForegroundColor>true</noForegroundColor>
</sourceLabel>
<targetLabel class="oracle.dbtools.crest.model.design.Label">
<site>2</site>
<labelBounds x="814" y="652" width="84" height="24"/>
<noBackgroundColor>true</noBackgroundColor>
<noForegroundColor>true</noForegroundColor>
</targetLabel>
<points>
<point x="814" y="599"/>
<point x="814" y="690"/>
</points>
</Connector>
<Connector class="oracle.dbtools.crest.swingui.logical.TVRelation" oid="846AB982-FCDE-6407-0663-DBDB7B3FADD0" otype="Relation" vid_source="D1FE462F-8E04-D2F2-7849-45584E1A9AE9" vid_target="CCDC6421-CA26-5E26-8DC4-31CDC8D13BC2">
<hideElementsInCurrentOnly>false</hideElementsInCurrentOnly>
<backgroundColor>-16777216</backgroundColor>
<lineWidth>1</lineWidth>
<sourceLabel class="oracle.dbtools.crest.model.design.Label">
<site>0</site>
<labelBounds x="524" y="403" width="73" height="29"/>
<noBackgroundColor>true</noBackgroundColor>
<noForegroundColor>true</noForegroundColor>
</sourceLabel>
<targetLabel class="oracle.dbtools.crest.model.design.Label">
<site>2</site>
<labelBounds x="524" y="406" width="22" height="29"/>
<noBackgroundColor>true</noBackgroundColor>
<noForegroundColor>true</noForegroundColor>
</targetLabel>
<points>
<point x="524" y="368"/>
<point x="524" y="436"/>
<point x="524" y="441"/>
</points>
</Connector>
<Connector class="oracle.dbtools.crest.swingui.logical.TVRelation" oid="A158982F-8E2D-B3EA-1713-FBAD3823BAA3" otype="Relation" vid_source="5040D288-A7A0-EA7B-F401-8F1F0B27C56A" vid_target="6422ED68-23B8-3CE7-36E2-6167E7CEF992">
<hideElementsInCurrentOnly>false</hideElementsInCurrentOnly>
<backgroundColor>-16777216</backgroundColor>
<lineWidth>1</lineWidth>
<sourceLabel class="oracle.dbtools.crest.model.design.Label">
<site>0</site>
<labelBounds x="1132" y="616" width="32" height="63"/>
<noBackgroundColor>true</noBackgroundColor>
<noForegroundColor>true</noForegroundColor>
</sourceLabel>
<targetLabel class="oracle.dbtools.crest.model.design.Label">
<site>2</site>
<labelBounds x="1132" y="632" width="21" height="30"/>
<noBackgroundColor>true</noBackgroundColor>
<noForegroundColor>true</noForegroundColor>
</targetLabel>
<points>
<point x="1132" y="685"/>
<point x="1132" y="547"/>
</points>
</Connector>
<Connector class="oracle.dbtools.crest.swingui.logical.TVRelation" oid="A199C9B0-10D9-94FD-786C-71B803386F92" otype="Relation" vid_source="CCDC6421-CA26-5E26-8DC4-31CDC8D13BC2" vid_target="3FF63CB0-6964-BB46-FB01-C399DD5D599A">
<hideElementsInCurrentOnly>false</hideElementsInCurrentOnly>
<backgroundColor>-16777216</backgroundColor>
<lineWidth>1</lineWidth>
<sourceLabel class="oracle.dbtools.crest.model.design.Label">
<site>0</site>
<labelBounds x="483" y="661" width="162" height="58"/>
<noBackgroundColor>true</noBackgroundColor>
<noForegroundColor>true</noForegroundColor>
</sourceLabel>
<targetLabel class="oracle.dbtools.crest.model.design.Label">
<site>2</site>
<labelBounds x="212" y="609" width="223" height="54"/>
<noBackgroundColor>true</noBackgroundColor>
<noForegroundColor>true</noForegroundColor>
</targetLabel>
<points>
<point x="483" y="565"/>
<point x="483" y="637"/>
<point x="212" y="637"/>
<point x="212" y="685"/>
</points>
</Connector>
<Connector class="oracle.dbtools.crest.swingui.logical.TVRelation" oid="A246A1AB-26BB-E7A9-6E12-C414AFBA6112" otype="Relation" vid_source="CCDC6421-CA26-5E26-8DC4-31CDC8D13BC2" vid_target="2AD5B69D-4498-ACC6-2F3B-4FF6722D8188">
<hideElementsInCurrentOnly>false</hideElementsInCurrentOnly>
<backgroundColor>-16777216</backgroundColor>
<lineWidth>1</lineWidth>
<sourceLabel class="oracle.dbtools.crest.model.design.Label">
<site>0</site>
<labelBounds x="623" y="484" width="39" height="19"/>
<noBackgroundColor>true</noBackgroundColor>
<noForegroundColor>true</noForegroundColor>
</sourceLabel>
<targetLabel class="oracle.dbtools.crest.model.design.Label">
<site>2</site>
<labelBounds x="646" y="506" width="75" height="30"/>
<noBackgroundColor>true</noBackgroundColor>
<noForegroundColor>true</noForegroundColor>
</targetLabel>
<points>
<point x="613" y="503"/>
<point x="727" y="503"/>
</points>
</Connector>
<Connector class="oracle.dbtools.crest.swingui.logical.TVRelation" oid="A5BD3989-77F5-B1BF-41E3-8F5B222DD269" otype="Relation" vid_source="6422ED68-23B8-3CE7-36E2-6167E7CEF992" vid_target="2AD5B69D-4498-ACC6-2F3B-4FF6722D8188">
<hideElementsInCurrentOnly>false</hideElementsInCurrentOnly>
<backgroundColor>-16777216</backgroundColor>
<lineWidth>1</lineWidth>
<sourceLabel class="oracle.dbtools.crest.model.design.Label">
<site>0</site>
<labelBounds x="963" y="472" width="77" height="20"/>
<noBackgroundColor>true</noBackgroundColor>
<noForegroundColor>true</noForegroundColor>
</sourceLabel>
<targetLabel class="oracle.dbtools.crest.model.design.Label">
<site>2</site>
<labelBounds x="910" y="495" width="18" height="30"/>
<noBackgroundColor>true</noBackgroundColor>
<noForegroundColor>true</noForegroundColor>
</targetLabel>
<points>
<point x="1046" y="492"/>
<point x="900" y="492"/>
</points>
</Connector>
<Connector class="oracle.dbtools.crest.swingui.logical.TVRelation" oid="C0E62A9A-0F66-BEE9-5255-0687BB54967B" otype="Relation" vid_source="BB4333C1-7C21-89BC-C336-D0682F550880" vid_target="3FF63CB0-6964-BB46-FB01-C399DD5D599A">
<hideElementsInCurrentOnly>false</hideElementsInCurrentOnly>
<backgroundColor>-16777216</backgroundColor>
<lineWidth>1</lineWidth>
<sourceLabel class="oracle.dbtools.crest.model.design.Label">
<site>0</site>
<labelBounds x="141" y="593" width="127" height="21"/>
<noBackgroundColor>true</noBackgroundColor>
<noForegroundColor>true</noForegroundColor>
</sourceLabel>
<targetLabel class="oracle.dbtools.crest.model.design.Label">
<site>2</site>
<labelBounds x="141" y="589" width="73" height="82"/>
<noBackgroundColor>true</noBackgroundColor>
<noForegroundColor>true</noForegroundColor>
</targetLabel>
<points>
<point x="141" y="558"/>
<point x="141" y="599"/>
<point x="141" y="685"/>
</points>
</Connector>
<Connector class="oracle.dbtools.crest.swingui.logical.TVRelation" oid="E37928F7-8FF7-0BCF-3608-33F07E3B3C13" otype="Relation" vid_source="C968373B-E591-26C6-5B26-BE4349A5FDD0" vid_target="972FD00E-7B81-0FC4-42BA-6BAC348B0658">
<hideElementsInCurrentOnly>false</hideElementsInCurrentOnly>
<backgroundColor>-16777216</backgroundColor>
<lineWidth>1</lineWidth>
<sourceLabel class="oracle.dbtools.crest.model.design.Label">
<site>0</site>
<labelBounds x="1276" y="281" width="74" height="23"/>
<noBackgroundColor>true</noBackgroundColor>
<noForegroundColor>true</noForegroundColor>
</sourceLabel>
<targetLabel class="oracle.dbtools.crest.model.design.Label">
<site>2</site>
<labelBounds x="1231" y="307" width="18" height="30"/>
<noBackgroundColor>true</noBackgroundColor>
<noForegroundColor>true</noForegroundColor>
</targetLabel>
<points>
<point x="1356" y="304"/>
<point x="1221" y="304"/>
</points>
</Connector>
</connectors>
</Diagram>
