<?xml version = '1.0' encoding = 'UTF-8'?>
<Diagram class="oracle.dbtools.crest.swingui.relational.DPVRelational" name="Relational_1" id="10F5B558-303A-1DB5-2D06-6F375B83DC8F">
<createdBy>huangsirui</createdBy>
<modifiedBy>huangsirui</modifiedBy>
<createdTime>2023-09-09 06:51:30 UTC</createdTime>
<autoRoute>false</autoRoute>
<boxInbox>true</boxInbox>
<showLegend>false</showLegend>
<showLabels>false</showLabels>
<showRelAttributes>false</showRelAttributes>
<gridEnabled>false</gridEnabled>
<showGrid>false</showGrid>
<diagramColor>-1</diagramColor>
<display>false</display>
<notation>1</notation>
<objectViews>
<OView class="oracle.dbtools.crest.swingui.relational.TVTable" oid="007B18F5-AB0E-62C1-2318-DDBC8C6C255A" otype="Table" vid="9F034024-DFDD-0DC6-9F4E-472111FB64AD">
<hideElementsInCurrentOnly>false</hideElementsInCurrentOnly>
<bounds x="437" y="258" width="175" height="110"/>
</OView>
<OView class="oracle.dbtools.crest.swingui.relational.TVTable" oid="0D6DD69B-B76A-AAA9-B84E-7D15D3F50D2F" otype="Table" vid="9493471C-11B5-D7F1-CB92-8F353E127D18">
<hideElementsInCurrentOnly>false</hideElementsInCurrentOnly>
<bounds x="732" y="916" width="170" height="110"/>
</OView>
<OView class="oracle.dbtools.crest.swingui.relational.TVTable" oid="411E1316-9E93-07A3-6E64-378C2995FEC2" otype="Table" vid="7F2D662D-DF68-CC6F-7112-9DD452FD7869">
<hideElementsInCurrentOnly>false</hideElementsInCurrentOnly>
<bounds x="1046" y="248" width="175" height="112"/>
</OView>
<OView class="oracle.dbtools.crest.swingui.relational.TVTable" oid="48B899BD-6621-9169-8F89-31CC45282EA6" otype="Table" vid="2C3EFBEE-AC5B-6820-711F-9E6C4B576812">
<hideElementsInCurrentOnly>false</hideElementsInCurrentOnly>
<bounds x="1046" y="437" width="170" height="110"/>
</OView>
<OView class="oracle.dbtools.crest.swingui.relational.TVTable" oid="4964DAAA-5892-08CF-821D-23C34051A9C4" otype="Table" vid="F8A03F27-7D79-26BC-14C7-EE9418448F3E">
<hideElementsInCurrentOnly>false</hideElementsInCurrentOnly>
<bounds x="729" y="690" width="170" height="110"/>
</OView>
<OView class="oracle.dbtools.crest.swingui.relational.TVTable" oid="4EFD9D6F-40B1-C752-1AD8-1549AC968C45" otype="Table" vid="5A5D46D2-76D0-D812-56D2-69CD1541E4A2">
<hideElementsInCurrentOnly>false</hideElementsInCurrentOnly>
<bounds x="437" y="441" width="176" height="124"/>
</OView>
<OView class="oracle.dbtools.crest.swingui.relational.TVTable" oid="4FE34366-949F-8E4A-7C46-7084BD3EDACD" otype="Table" vid="26C98F87-952A-37C8-2F32-CBFD5C95AD9E">
<hideElementsInCurrentOnly>false</hideElementsInCurrentOnly>
<bounds x="1356" y="249" width="177" height="114"/>
</OView>
<OView class="oracle.dbtools.crest.swingui.relational.TVTable" oid="72A05719-4FEF-3CB3-2128-942BC8D6CAB0" otype="Table" vid="37F7FD99-F06F-86A9-6B03-798878AE3E78">
<hideElementsInCurrentOnly>false</hideElementsInCurrentOnly>
<bounds x="1049" y="685" width="170" height="110"/>
</OView>
<OView class="oracle.dbtools.crest.swingui.relational.TVTable" oid="98F197B8-178B-8359-4A96-990D538D0D95" otype="Table" vid="F4458642-9B97-28E7-2EC7-632827CD8B39">
<hideElementsInCurrentOnly>false</hideElementsInCurrentOnly>
<bounds x="1362" y="436" width="170" height="110"/>
</OView>
<OView class="oracle.dbtools.crest.swingui.relational.TVTable" oid="DAED4280-A60B-3D76-5280-27ECAB63418D" otype="Table" vid="7BDC36D0-F6A2-DE1D-3618-98F6869459C5">
<hideElementsInCurrentOnly>false</hideElementsInCurrentOnly>
<bounds x="69" y="452" width="152" height="106"/>
</OView>
<OView class="oracle.dbtools.crest.swingui.relational.TVTable" oid="E3BA8A27-468C-6D21-1FCF-D0CFC643C07F" otype="Table" vid="B8A6C37C-8734-6ECD-07D7-A33236DD9934">
<hideElementsInCurrentOnly>false</hideElementsInCurrentOnly>
<bounds x="66" y="685" width="162" height="130"/>
</OView>
<OView class="oracle.dbtools.crest.swingui.relational.TVTable" oid="F40CCC4B-F133-6128-13E0-3B80031F086B" otype="Table" vid="CCB184C9-FC99-7386-BE52-660DD68FBD12">
<hideElementsInCurrentOnly>false</hideElementsInCurrentOnly>
<bounds x="727" y="396" width="173" height="203"/>
</OView>
<OView class="oracle.dbtools.crest.swingui.relational.TVTable" oid="FF9B618C-2C0C-1BFA-4C62-CB7BED185C6C" otype="Table" vid="25F73872-C2CA-A410-26BE-928600E8E22C">
<hideElementsInCurrentOnly>false</hideElementsInCurrentOnly>
<bounds x="437" y="686" width="181" height="120"/>
</OView>
</objectViews>
<connectors>
<Connector class="oracle.dbtools.crest.swingui.relational.TVFKRelation" oid="050B9512-BC4E-3FD9-8F5A-836A6BEA39FB" otype="FKIndexAssociation" vid_source="5A5D46D2-76D0-D812-56D2-69CD1541E4A2" vid_target="B8A6C37C-8734-6ECD-07D7-A33236DD9934">
<hideElementsInCurrentOnly>false</hideElementsInCurrentOnly>
<backgroundColor>-16777216</backgroundColor>
<lineWidth>1</lineWidth>
<points>
<point x="483" y="565"/>
<point x="483" y="637"/>
<point x="212" y="637"/>
<point x="212" y="685"/>
</points>
</Connector>
<Connector class="oracle.dbtools.crest.swingui.relational.TVFKRelation" oid="100BA044-CB47-CC2A-E376-C1D63D7968AD" otype="FKIndexAssociation" vid_source="5A5D46D2-76D0-D812-56D2-69CD1541E4A2" vid_target="7BDC36D0-F6A2-DE1D-3618-98F6869459C5">
<hideElementsInCurrentOnly>false</hideElementsInCurrentOnly>
<backgroundColor>-16777216</backgroundColor>
<lineWidth>1</lineWidth>
<points>
<point x="437" y="505"/>
<point x="221" y="505"/>
</points>
</Connector>
<Connector class="oracle.dbtools.crest.swingui.relational.TVFKRelation" oid="1548706C-AB6C-7EDD-4B07-19E47B00738A" otype="FKIndexAssociation" vid_source="CCB184C9-FC99-7386-BE52-660DD68FBD12" vid_target="F8A03F27-7D79-26BC-14C7-EE9418448F3E">
<hideElementsInCurrentOnly>false</hideElementsInCurrentOnly>
<backgroundColor>-16777216</backgroundColor>
<lineWidth>1</lineWidth>
<points>
<point x="814" y="599"/>
<point x="814" y="690"/>
</points>
</Connector>
<Connector class="oracle.dbtools.crest.swingui.relational.TVFKRelation" oid="1DBC512B-43C2-C8BB-3E98-992DCE34F040" otype="FKIndexAssociation" vid_source="7BDC36D0-F6A2-DE1D-3618-98F6869459C5" vid_target="B8A6C37C-8734-6ECD-07D7-A33236DD9934">
<hideElementsInCurrentOnly>false</hideElementsInCurrentOnly>
<backgroundColor>-16777216</backgroundColor>
<lineWidth>1</lineWidth>
<points>
<point x="141" y="558"/>
<point x="141" y="599"/>
<point x="141" y="685"/>
</points>
</Connector>
<Connector class="oracle.dbtools.crest.swingui.relational.TVFKRelation" oid="20077A21-C55F-A4B2-AFF6-E101C48AAE41" otype="FKIndexAssociation" vid_source="CCB184C9-FC99-7386-BE52-660DD68FBD12" vid_target="CCB184C9-FC99-7386-BE52-660DD68FBD12">
<hideElementsInCurrentOnly>false</hideElementsInCurrentOnly>
<backgroundColor>-16777216</backgroundColor>
<lineWidth>1</lineWidth>
<points>
<point x="900" y="542"/>
<point x="948" y="542"/>
<point x="948" y="635"/>
<point x="858" y="634"/>
<point x="858" y="599"/>
</points>
</Connector>
<Connector class="oracle.dbtools.crest.swingui.relational.TVFKRelation" oid="27B81596-64EF-2260-41D7-22661C3CCC6A" otype="FKIndexAssociation" vid_source="F4458642-9B97-28E7-2EC7-632827CD8B39" vid_target="2C3EFBEE-AC5B-6820-711F-9E6C4B576812">
<hideElementsInCurrentOnly>false</hideElementsInCurrentOnly>
<backgroundColor>-16777216</backgroundColor>
<lineWidth>1</lineWidth>
<points>
<point x="1362" y="491"/>
<point x="1216" y="491"/>
</points>
</Connector>
<Connector class="oracle.dbtools.crest.swingui.relational.TVFKRelation" oid="395EA4E8-33D0-BE64-9AAD-9B032F460FDF" otype="FKIndexAssociation" vid_source="7BDC36D0-F6A2-DE1D-3618-98F6869459C5" vid_target="5A5D46D2-76D0-D812-56D2-69CD1541E4A2">
<hideElementsInCurrentOnly>false</hideElementsInCurrentOnly>
<backgroundColor>-16777216</backgroundColor>
<lineWidth>1</lineWidth>
<points>
<point x="221" y="520"/>
<point x="437" y="520"/>
</points>
</Connector>
<Connector class="oracle.dbtools.crest.swingui.relational.TVFKRelation" oid="4811C422-42E5-8D3D-C670-2DAA29FA7F9A" otype="FKIndexAssociation" vid_source="9F034024-DFDD-0DC6-9F4E-472111FB64AD" vid_target="5A5D46D2-76D0-D812-56D2-69CD1541E4A2">
<hideElementsInCurrentOnly>false</hideElementsInCurrentOnly>
<backgroundColor>-16777216</backgroundColor>
<lineWidth>1</lineWidth>
<points>
<point x="524" y="368"/>
<point x="524" y="436"/>
<point x="524" y="441"/>
</points>
</Connector>
<Connector class="oracle.dbtools.crest.swingui.relational.TVFKRelation" oid="6407A026-7191-DCBD-AE2D-BE72423F616D" otype="FKIndexAssociation" vid_source="37F7FD99-F06F-86A9-6B03-798878AE3E78" vid_target="2C3EFBEE-AC5B-6820-711F-9E6C4B576812">
<hideElementsInCurrentOnly>false</hideElementsInCurrentOnly>
<backgroundColor>-16777216</backgroundColor>
<lineWidth>1</lineWidth>
<points>
<point x="1132" y="685"/>
<point x="1132" y="547"/>
</points>
</Connector>
<Connector class="oracle.dbtools.crest.swingui.relational.TVFKRelation" oid="6706C7EA-FE8E-060B-2B39-42A0AD4131D7" otype="FKIndexAssociation" vid_source="5A5D46D2-76D0-D812-56D2-69CD1541E4A2" vid_target="25F73872-C2CA-A410-26BE-928600E8E22C">
<hideElementsInCurrentOnly>false</hideElementsInCurrentOnly>
<backgroundColor>-16777216</backgroundColor>
<lineWidth>1</lineWidth>
<points>
<point x="525" y="565"/>
<point x="525" y="686"/>
</points>
</Connector>
<Connector class="oracle.dbtools.crest.swingui.relational.TVFKRelation" oid="69D0F97C-32A1-F2E0-16E5-2C5A26DD4C20" otype="FKIndexAssociation" vid_source="26C98F87-952A-37C8-2F32-CBFD5C95AD9E" vid_target="7F2D662D-DF68-CC6F-7112-9DD452FD7869">
<hideElementsInCurrentOnly>false</hideElementsInCurrentOnly>
<backgroundColor>-16777216</backgroundColor>
<lineWidth>1</lineWidth>
<points>
<point x="1356" y="295"/>
<point x="1221" y="304"/>
</points>
</Connector>
<Connector class="oracle.dbtools.crest.swingui.relational.TVFKRelation" oid="6AE0E857-78E0-E958-29A4-62BEE121A162" otype="FKIndexAssociation" vid_source="7BDC36D0-F6A2-DE1D-3618-98F6869459C5" vid_target="CCB184C9-FC99-7386-BE52-660DD68FBD12">
<hideElementsInCurrentOnly>false</hideElementsInCurrentOnly>
<backgroundColor>-16777216</backgroundColor>
<lineWidth>1</lineWidth>
<points>
<point x="139" y="452"/>
<point x="139" y="210"/>
<point x="816" y="210"/>
<point x="816" y="396"/>
</points>
</Connector>
<Connector class="oracle.dbtools.crest.swingui.relational.TVFKRelation" oid="70746E8A-C906-DFE7-3E48-DB8CAC8BC3DB" otype="FKIndexAssociation" vid_source="2C3EFBEE-AC5B-6820-711F-9E6C4B576812" vid_target="CCB184C9-FC99-7386-BE52-660DD68FBD12">
<hideElementsInCurrentOnly>false</hideElementsInCurrentOnly>
<backgroundColor>-16777216</backgroundColor>
<lineWidth>1</lineWidth>
<points>
<point x="1046" y="492"/>
<point x="900" y="492"/>
</points>
</Connector>
<Connector class="oracle.dbtools.crest.swingui.relational.TVFKRelation" oid="B848D3EC-80EE-7BD4-D276-B35C96FC99C3" otype="FKIndexAssociation" vid_source="B8A6C37C-8734-6ECD-07D7-A33236DD9934" vid_target="25F73872-C2CA-A410-26BE-928600E8E22C">
<hideElementsInCurrentOnly>false</hideElementsInCurrentOnly>
<backgroundColor>-16777216</backgroundColor>
<lineWidth>1</lineWidth>
<points>
<point x="228" y="746"/>
<point x="437" y="746"/>
</points>
</Connector>
<Connector class="oracle.dbtools.crest.swingui.relational.TVFKRelation" oid="C37E18C3-2212-F34C-6DA2-D0F68961DA34" otype="FKIndexAssociation" vid_source="9493471C-11B5-D7F1-CB92-8F353E127D18" vid_target="F8A03F27-7D79-26BC-14C7-EE9418448F3E">
<hideElementsInCurrentOnly>false</hideElementsInCurrentOnly>
<backgroundColor>-16777216</backgroundColor>
<lineWidth>1</lineWidth>
<points>
<point x="815" y="916"/>
<point x="815" y="800"/>
</points>
</Connector>
<Connector class="oracle.dbtools.crest.swingui.relational.TVFKRelation" oid="E5AEC47D-E509-B728-99B2-B3163EC1BA5A" otype="FKIndexAssociation" vid_source="CCB184C9-FC99-7386-BE52-660DD68FBD12" vid_target="7F2D662D-DF68-CC6F-7112-9DD452FD7869">
<hideElementsInCurrentOnly>false</hideElementsInCurrentOnly>
<backgroundColor>-16777216</backgroundColor>
<lineWidth>1</lineWidth>
<points>
<point x="866" y="396"/>
<point x="866" y="367"/>
<point x="866" y="295"/>
<point x="1046" y="295"/>
</points>
</Connector>
<Connector class="oracle.dbtools.crest.swingui.relational.TVFKRelation" oid="F65F0DF5-ABEA-E1F1-EAE8-8F55C8B40E4C" otype="FKIndexAssociation" vid_source="5A5D46D2-76D0-D812-56D2-69CD1541E4A2" vid_target="CCB184C9-FC99-7386-BE52-660DD68FBD12">
<hideElementsInCurrentOnly>false</hideElementsInCurrentOnly>
<backgroundColor>-16777216</backgroundColor>
<lineWidth>1</lineWidth>
<points>
<point x="613" y="503"/>
<point x="727" y="503"/>
</points>
</Connector>
</connectors>
</Diagram>
