<?xml version = '1.0' encoding = 'UTF-8'?>
<Table class="oracle.dbtools.crest.model.design.relational.Table" directorySegmentName="seg_0" id="411E1316-9E93-07A3-6E64-378C2995FEC2" name="VISIT_SERVICE">
<createdBy>huangsirui</createdBy>
<createdTime>2023-09-14 01:56:40 UTC</createdTime>
<generatorID>2471E679-060D-9848-424A-1CB6EDDAA886</generatorID>
<ownerDesignName>pf_oraclemodel</ownerDesignName>
<allowColumnReorder>false</allowColumnReorder>
<existDependencyGenerateInDDl>true</existDependencyGenerateInDDl>
<parsed>true</parsed>
<columns itemClass="oracle.dbtools.crest.model.design.relational.Column">
<Column name="service_code" id="A5507570-05CE-7452-C770-02B30BD5F3A8">
<createdBy>huangsirui</createdBy>
<createdTime>2023-09-14 01:56:40 UTC</createdTime>
<commentInRDBMS><![CDATA[service code number of the visit service]]></commentInRDBMS>
<generatorID>22BD0B20-2D44-FFF3-A44A-1103BE168E85</generatorID>
<ownerDesignName>pf_oraclemodel</ownerDesignName>
<useDomainConstraints>false</useDomainConstraints>
<use>1</use>
<logicalDatatype>LOGDT025</logicalDatatype>
<dataTypeSize>5</dataTypeSize>
<ownDataTypeParameters>,,</ownDataTypeParameters>
<previousColumn>false</previousColumn>
<autoIncrementCycle>false</autoIncrementCycle>
<associations>
<colAssociation fkAssociation="69D0F97C-32A1-F2E0-16E5-2C5A26DD4C20" referredColumn="91E30C2F-E0FF-7328-5B74-F79E9F28B02C"/>
</associations>
</Column>
<Column name="visit_id" id="FB7172A9-2C49-0180-F758-4CBBF6874B39">
<createdBy>huangsirui</createdBy>
<createdTime>2023-09-14 01:56:40 UTC</createdTime>
<commentInRDBMS><![CDATA[the id number of the visit — surrogate key]]></commentInRDBMS>
<generatorID>67A739EC-527F-A349-DF8F-2E520F7CEC01</generatorID>
<ownerDesignName>pf_oraclemodel</ownerDesignName>
<useDomainConstraints>false</useDomainConstraints>
<use>1</use>
<logicalDatatype>LOGDT019</logicalDatatype>
<dataTypePrecision>10</dataTypePrecision>
<ownDataTypeParameters>,,</ownDataTypeParameters>
<previousColumn>false</previousColumn>
<autoIncrementCycle>false</autoIncrementCycle>
<associations>
<colAssociation fkAssociation="E5AEC47D-E509-B728-99B2-B3163EC1BA5A" referredColumn="AF0A8ADB-4C71-E331-745D-C93F3497DFBB"/>
</associations>
</Column>
<Column name="visit_service_linecost" id="1169DC23-51CE-3962-11E5-FA43D0C042C1">
<createdBy>huangsirui</createdBy>
<createdTime>2023-09-14 01:56:40 UTC</createdTime>
<commentInRDBMS><![CDATA[line cost of service during visit]]></commentInRDBMS>
<generatorID>EEFA496F-C2F3-E47F-DDB9-7FF29288F37D</generatorID>
<ownerDesignName>pf_oraclemodel</ownerDesignName>
<useDomainConstraints>false</useDomainConstraints>
<use>1</use>
<logicalDatatype>LOGDT019</logicalDatatype>
<dataTypePrecision>5</dataTypePrecision>
<dataTypeScale>2</dataTypeScale>
<ownDataTypeParameters>,5,2</ownDataTypeParameters>
<autoIncrementCycle>false</autoIncrementCycle>
</Column>
</columns>
<indexes itemClass="oracle.dbtools.crest.model.design.relational.Index">
<ind_PK_UK id="6EA2F7FD-B8AD-31C6-B23B-986093905C22" name="VISIT_SERVICE_PKv1">
<createdBy>huangsirui</createdBy>
<createdTime>2023-09-14 01:56:40 UTC</createdTime>
<generatorID>B66DF630-CBB6-95D6-8E47-C01115CF47AF</generatorID>
<ownerDesignName>pf_oraclemodel</ownerDesignName>
<pk>true</pk>
<indexState>Primary Constraint</indexState>
<isSurrogateKey>false</isSurrogateKey>
<indexColumnUsage>
<colUsage columnID="A5507570-05CE-7452-C770-02B30BD5F3A8"/>
<colUsage columnID="FB7172A9-2C49-0180-F758-4CBBF6874B39"/>
</indexColumnUsage>
</ind_PK_UK>
<ind_PK_UK id="E54BF98E-2F36-60CC-3A96-CA302C041AF8" name="SERVICE2_VISITSERVICE">
<createdBy>huangsirui</createdBy>
<createdTime>2023-09-14 01:56:40 UTC</createdTime>
<generatorID>E37928F7-8FF7-0BCF-3608-33F07E3B3C13</generatorID>
<ownerDesignName>pf_oraclemodel</ownerDesignName>
<indexState>Foreign Key</indexState>
<isSurrogateKey>false</isSurrogateKey>
<indexColumnUsage>
<colUsage columnID="A5507570-05CE-7452-C770-02B30BD5F3A8"/>
</indexColumnUsage>
</ind_PK_UK>
<ind_PK_UK id="8233B0CB-C705-213F-0454-F3A9130D0BC8" name="VISITSERVICETAKEN">
<createdBy>huangsirui</createdBy>
<createdTime>2023-09-14 01:56:40 UTC</createdTime>
<generatorID>1C3A861C-976F-487F-6025-0FD4F9DC079C</generatorID>
<ownerDesignName>pf_oraclemodel</ownerDesignName>
<indexState>Foreign Key</indexState>
<isSurrogateKey>false</isSurrogateKey>
<indexColumnUsage>
<colUsage columnID="FB7172A9-2C49-0180-F758-4CBBF6874B39"/>
</indexColumnUsage>
</ind_PK_UK>
</indexes>
</Table>
