<?xml version = '1.0' encoding = 'UTF-8'?>
<Table class="oracle.dbtools.crest.model.design.relational.Table" directorySegmentName="seg_0" id="48B899BD-6621-9169-8F89-31CC45282EA6" name="PET">
<createdBy>huangsirui</createdBy>
<createdTime>2023-09-14 01:56:40 UTC</createdTime>
<generatorID>3405AF2F-B6C5-A9DB-2D1B-65DB9C1E9923</generatorID>
<ownerDesignName>pf_oraclemodel</ownerDesignName>
<allowColumnReorder>false</allowColumnReorder>
<existDependencyGenerateInDDl>true</existDependencyGenerateInDDl>
<parsed>true</parsed>
<columns itemClass="oracle.dbtools.crest.model.design.relational.Column">
<Column name="pet_id" id="94756142-6058-A08D-3D49-DAE7533E49A4">
<createdBy>huangsirui</createdBy>
<createdTime>2023-09-14 01:56:40 UTC</createdTime>
<commentInRDBMS><![CDATA[the pet id number]]></commentInRDBMS>
<generatorID>8598B68E-88CC-C499-498A-77BB4D5C6322</generatorID>
<ownerDesignName>pf_oraclemodel</ownerDesignName>
<useDomainConstraints>false</useDomainConstraints>
<use>1</use>
<logicalDatatype>LOGDT019</logicalDatatype>
<dataTypePrecision>5</dataTypePrecision>
<ownDataTypeParameters>,5,</ownDataTypeParameters>
<autoIncrementCycle>false</autoIncrementCycle>
</Column>
<Column name="pet_name" id="81C23129-1344-5DC4-3313-8728EABD3AB0">
<createdBy>huangsirui</createdBy>
<createdTime>2023-09-14 01:56:40 UTC</createdTime>
<commentInRDBMS><![CDATA[the pet name]]></commentInRDBMS>
<generatorID>3D93F0A1-864C-20A7-8BE6-874BE72475AA</generatorID>
<ownerDesignName>pf_oraclemodel</ownerDesignName>
<useDomainConstraints>false</useDomainConstraints>
<use>1</use>
<logicalDatatype>LOGDT024</logicalDatatype>
<dataTypeSize>20</dataTypeSize>
<ownDataTypeParameters>20,,</ownDataTypeParameters>
<autoIncrementCycle>false</autoIncrementCycle>
</Column>
<Column name="pet_born_year" id="009A847A-13C5-F7A2-2477-9F525B494D24">
<createdBy>huangsirui</createdBy>
<createdTime>2023-09-14 01:56:40 UTC</createdTime>
<commentInRDBMS><![CDATA[the born year of the pet]]></commentInRDBMS>
<generatorID>626019A3-C1DD-C265-AE6C-7C4E1661A099</generatorID>
<ownerDesignName>pf_oraclemodel</ownerDesignName>
<useDomainConstraints>false</useDomainConstraints>
<use>1</use>
<logicalDatatype>LOGDT007</logicalDatatype>
<ownDataTypeParameters>,,</ownDataTypeParameters>
<autoIncrementCycle>false</autoIncrementCycle>
</Column>
<Column name="pet_status" id="3F8637D2-B3E1-F0D9-3167-0EE306A3E50C">
<createdBy>huangsirui</createdBy>
<createdTime>2023-09-14 01:56:40 UTC</createdTime>
<commentInRDBMS><![CDATA[pet status if the pet is alive of dead :(Y/yes) (N/no)]]></commentInRDBMS>
<generatorID>AC54EB7C-D13F-B1EA-06B5-212F8549B66D</generatorID>
<ownerDesignName>pf_oraclemodel</ownerDesignName>
<useDomainConstraints>false</useDomainConstraints>
<use>1</use>
<logicalDatatype>LOGDT025</logicalDatatype>
<dataTypeSize>1</dataTypeSize>
<listOfValues>
<valueDef value="N" description="no"/>
<valueDef value="Y" description="yes"/>
</listOfValues>
<ownDataTypeParameters>1,,</ownDataTypeParameters>
<autoIncrementCycle>false</autoIncrementCycle>
</Column>
<Column name="owner_id" id="CF23633F-DE8F-3E2E-6CF9-D2C3938896AC">
<createdBy>huangsirui</createdBy>
<createdTime>2023-09-14 01:56:40 UTC</createdTime>
<commentInRDBMS><![CDATA[the owner id number]]></commentInRDBMS>
<generatorID>98367153-3EE7-1909-5E7C-88039768BD03</generatorID>
<ownerDesignName>pf_oraclemodel</ownerDesignName>
<useDomainConstraints>false</useDomainConstraints>
<use>1</use>
<logicalDatatype>LOGDT019</logicalDatatype>
<dataTypePrecision>3</dataTypePrecision>
<ownDataTypeParameters>,,</ownDataTypeParameters>
<previousColumn>false</previousColumn>
<autoIncrementCycle>false</autoIncrementCycle>
<associations>
<colAssociation fkAssociation="27B81596-64EF-2260-41D7-22661C3CCC6A" referredColumn="DB5C6A1B-7086-5220-9F60-CF96D055C155"/>
</associations>
</Column>
<Column name="pet_type_id" id="A5884CF1-A198-5F7E-7593-B3F409E04F87">
<createdBy>huangsirui</createdBy>
<createdTime>2023-09-14 01:56:40 UTC</createdTime>
<commentInRDBMS><![CDATA[pet type id number ]]></commentInRDBMS>
<generatorID>AADB7284-CE6A-734C-4562-4732119F0D77</generatorID>
<ownerDesignName>pf_oraclemodel</ownerDesignName>
<useDomainConstraints>false</useDomainConstraints>
<use>1</use>
<logicalDatatype>LOGDT019</logicalDatatype>
<dataTypePrecision>3</dataTypePrecision>
<ownDataTypeParameters>,,</ownDataTypeParameters>
<previousColumn>false</previousColumn>
<autoIncrementCycle>false</autoIncrementCycle>
<associations>
<colAssociation fkAssociation="6407A026-7191-DCBD-AE2D-BE72423F616D" referredColumn="564135A4-C658-48CE-6449-08E52DD01E09"/>
</associations>
</Column>
</columns>
<indexes itemClass="oracle.dbtools.crest.model.design.relational.Index">
<ind_PK_UK id="1C01482B-50A8-C711-B340-784E68B04E90" name="PET_PK">
<createdBy>huangsirui</createdBy>
<createdTime>2023-09-14 01:56:40 UTC</createdTime>
<generatorID>37B0366D-3D6F-F2EA-BBD0-5A3915DE68F6</generatorID>
<ownerDesignName>pf_oraclemodel</ownerDesignName>
<pk>true</pk>
<indexState>Primary Constraint</indexState>
<isSurrogateKey>false</isSurrogateKey>
<indexColumnUsage>
<colUsage columnID="94756142-6058-A08D-3D49-DAE7533E49A4"/>
</indexColumnUsage>
</ind_PK_UK>
<ind_PK_UK id="ED9DB2B1-5CF6-8C2A-0FAD-47B939C1F063" name="OWNER_PET">
<createdBy>huangsirui</createdBy>
<createdTime>2023-09-14 01:56:40 UTC</createdTime>
<generatorID>4B4B0942-FBA9-109B-395F-304853DEA61B</generatorID>
<ownerDesignName>pf_oraclemodel</ownerDesignName>
<indexState>Foreign Key</indexState>
<isSurrogateKey>false</isSurrogateKey>
<indexColumnUsage>
<colUsage columnID="CF23633F-DE8F-3E2E-6CF9-D2C3938896AC"/>
</indexColumnUsage>
</ind_PK_UK>
<ind_PK_UK id="EA46A7D9-0F75-0141-BEAD-8FB09514C8FA" name="PET_TYPE">
<createdBy>huangsirui</createdBy>
<createdTime>2023-09-14 01:56:40 UTC</createdTime>
<generatorID>A158982F-8E2D-B3EA-1713-FBAD3823BAA3</generatorID>
<ownerDesignName>pf_oraclemodel</ownerDesignName>
<indexState>Foreign Key</indexState>
<isSurrogateKey>false</isSurrogateKey>
<indexColumnUsage>
<colUsage columnID="A5884CF1-A198-5F7E-7593-B3F409E04F87"/>
</indexColumnUsage>
</ind_PK_UK>
</indexes>
</Table>
