<?xml version = '1.0' encoding = 'UTF-8'?>
<Table class="oracle.dbtools.crest.model.design.relational.Table" directorySegmentName="seg_0" id="4964DAAA-5892-08CF-821D-23C34051A9C4" name="VISIT_DRUG">
<createdBy>huangsirui</createdBy>
<createdTime>2023-09-14 01:56:40 UTC</createdTime>
<generatorID>DDBB43ED-984B-C9BE-6C2A-2C7D2D92F08B</generatorID>
<ownerDesignName>pf_oraclemodel</ownerDesignName>
<allowColumnReorder>false</allowColumnReorder>
<existDependencyGenerateInDDl>true</existDependencyGenerateInDDl>
<parsed>true</parsed>
<columns itemClass="oracle.dbtools.crest.model.design.relational.Column">
<Column name="drug_id" id="F02C7365-70F8-A4B7-7A65-2887A983454F">
<createdBy>huangsirui</createdBy>
<createdTime>2023-09-14 01:56:40 UTC</createdTime>
<commentInRDBMS><![CDATA[the drug id number]]></commentInRDBMS>
<generatorID>73944FC2-7D44-6F5A-8CB9-C9FF18CAD7CA</generatorID>
<ownerDesignName>pf_oraclemodel</ownerDesignName>
<useDomainConstraints>false</useDomainConstraints>
<use>1</use>
<logicalDatatype>LOGDT019</logicalDatatype>
<dataTypePrecision>3</dataTypePrecision>
<ownDataTypeParameters>,,</ownDataTypeParameters>
<previousColumn>false</previousColumn>
<autoIncrementCycle>false</autoIncrementCycle>
<associations>
<colAssociation fkAssociation="C37E18C3-2212-F34C-6DA2-D0F68961DA34" referredColumn="493CA724-9FDB-7B2A-D56B-2150F605E242"/>
</associations>
</Column>
<Column name="visit_id" id="1AC52BCB-50D9-44FD-88A1-70DF85BDB767">
<createdBy>huangsirui</createdBy>
<createdTime>2023-09-14 01:56:40 UTC</createdTime>
<commentInRDBMS><![CDATA[the id number of the visit — surrogate key]]></commentInRDBMS>
<generatorID>BA447C78-C08C-6F12-58C4-00028A69A97B</generatorID>
<ownerDesignName>pf_oraclemodel</ownerDesignName>
<useDomainConstraints>false</useDomainConstraints>
<use>1</use>
<logicalDatatype>LOGDT019</logicalDatatype>
<dataTypePrecision>10</dataTypePrecision>
<ownDataTypeParameters>,,</ownDataTypeParameters>
<previousColumn>false</previousColumn>
<autoIncrementCycle>false</autoIncrementCycle>
<associations>
<colAssociation fkAssociation="1548706C-AB6C-7EDD-4B07-19E47B00738A" referredColumn="AF0A8ADB-4C71-E331-745D-C93F3497DFBB"/>
</associations>
</Column>
<Column name="visit_drug_dose" id="0A84E838-82BD-B76A-1EAB-4C5F3B94DA65">
<createdBy>huangsirui</createdBy>
<createdTime>2023-09-14 01:56:40 UTC</createdTime>
<commentInRDBMS><![CDATA[the prescribed drug dosage]]></commentInRDBMS>
<generatorID>0A1A998A-76AB-D1BF-1071-A0A19FF854E4</generatorID>
<ownerDesignName>pf_oraclemodel</ownerDesignName>
<useDomainConstraints>false</useDomainConstraints>
<use>1</use>
<logicalDatatype>LOGDT019</logicalDatatype>
<dataTypePrecision>4</dataTypePrecision>
<ownDataTypeParameters>,4,</ownDataTypeParameters>
<autoIncrementCycle>false</autoIncrementCycle>
</Column>
<Column name="visit_drug_frequency" id="652E39A2-4AB7-9AF8-4006-1BBB25D5E3A1">
<createdBy>huangsirui</createdBy>
<createdTime>2023-09-14 01:56:40 UTC</createdTime>
<commentInRDBMS><![CDATA[the frequency of drugs prescribed]]></commentInRDBMS>
<generatorID>04A0AF19-1583-9619-082D-BE3E6D96F36C</generatorID>
<ownerDesignName>pf_oraclemodel</ownerDesignName>
<useDomainConstraints>false</useDomainConstraints>
<use>1</use>
<logicalDatatype>LOGDT024</logicalDatatype>
<dataTypeSize>50</dataTypeSize>
<ownDataTypeParameters>50,,</ownDataTypeParameters>
<autoIncrementCycle>false</autoIncrementCycle>
</Column>
<Column name="visit_drug_qtysup" id="BFFE4926-9BE6-69B8-2C56-DD4D14EBF7B1">
<createdBy>huangsirui</createdBy>
<createdTime>2023-09-14 01:56:40 UTC</createdTime>
<commentInRDBMS><![CDATA[quantity of drug supplied]]></commentInRDBMS>
<generatorID>90B8687E-0746-57A1-9983-1913E97DA936</generatorID>
<ownerDesignName>pf_oraclemodel</ownerDesignName>
<useDomainConstraints>false</useDomainConstraints>
<use>1</use>
<logicalDatatype>LOGDT019</logicalDatatype>
<dataTypePrecision>3</dataTypePrecision>
<ownDataTypeParameters>,3,</ownDataTypeParameters>
<autoIncrementCycle>false</autoIncrementCycle>
</Column>
<Column name="visit_drug_linecost" id="EB7627EA-2B17-B83C-DF38-C12C903F7C82">
<createdBy>huangsirui</createdBy>
<createdTime>2023-09-14 01:56:40 UTC</createdTime>
<commentInRDBMS><![CDATA[line cost during the visit for drugs]]></commentInRDBMS>
<generatorID>D8A62B56-88AB-1C7C-D5C0-240B0F5AB118</generatorID>
<ownerDesignName>pf_oraclemodel</ownerDesignName>
<useDomainConstraints>false</useDomainConstraints>
<use>1</use>
<logicalDatatype>LOGDT019</logicalDatatype>
<dataTypePrecision>5</dataTypePrecision>
<dataTypeScale>2</dataTypeScale>
<ownDataTypeParameters>,5,2</ownDataTypeParameters>
<autoIncrementCycle>false</autoIncrementCycle>
</Column>
</columns>
<indexes itemClass="oracle.dbtools.crest.model.design.relational.Index">
<ind_PK_UK id="519F0926-EFA6-6703-EA3F-F18862E8568B" name="VISIT_DRUG_PK">
<createdBy>huangsirui</createdBy>
<createdTime>2023-09-14 01:56:40 UTC</createdTime>
<generatorID>6AAD4D8C-0B82-B86F-3B7E-04E73694445F</generatorID>
<ownerDesignName>pf_oraclemodel</ownerDesignName>
<pk>true</pk>
<indexState>Primary Constraint</indexState>
<isSurrogateKey>false</isSurrogateKey>
<indexColumnUsage>
<colUsage columnID="1AC52BCB-50D9-44FD-88A1-70DF85BDB767"/>
<colUsage columnID="F02C7365-70F8-A4B7-7A65-2887A983454F"/>
</indexColumnUsage>
</ind_PK_UK>
<ind_PK_UK id="C4A2DE4E-CAC6-E885-C4D1-59865334A780" name="VISIT_DRUG2">
<createdBy>huangsirui</createdBy>
<createdTime>2023-09-14 01:56:40 UTC</createdTime>
<generatorID>1A85272C-9404-4F08-9E57-D4457200ED60</generatorID>
<ownerDesignName>pf_oraclemodel</ownerDesignName>
<indexState>Foreign Key</indexState>
<isSurrogateKey>false</isSurrogateKey>
<indexColumnUsage>
<colUsage columnID="F02C7365-70F8-A4B7-7A65-2887A983454F"/>
</indexColumnUsage>
</ind_PK_UK>
<ind_PK_UK id="1E874399-2AC8-F944-04B5-FDB81C739C96" name="VISIT2_DRUG">
<createdBy>huangsirui</createdBy>
<createdTime>2023-09-14 01:56:40 UTC</createdTime>
<generatorID>7FB26122-F066-8FEA-BB6B-C1866B3C5BEA</generatorID>
<ownerDesignName>pf_oraclemodel</ownerDesignName>
<indexState>Foreign Key</indexState>
<isSurrogateKey>false</isSurrogateKey>
<indexColumnUsage>
<colUsage columnID="1AC52BCB-50D9-44FD-88A1-70DF85BDB767"/>
</indexColumnUsage>
</ind_PK_UK>
</indexes>
</Table>
