<?xml version = '1.0' encoding = 'UTF-8'?>
<Table class="oracle.dbtools.crest.model.design.relational.Table" directorySegmentName="seg_0" id="4EFD9D6F-40B1-C752-1AD8-1549AC968C45" name="VET">
<createdBy>huangsirui</createdBy>
<createdTime>2023-09-14 01:56:40 UTC</createdTime>
<generatorID>93B147B8-4EFC-3105-AC6D-D07C5B2A7676</generatorID>
<ownerDesignName>pf_oraclemodel</ownerDesignName>
<allowColumnReorder>false</allowColumnReorder>
<existDependencyGenerateInDDl>true</existDependencyGenerateInDDl>
<parsed>true</parsed>
<columns itemClass="oracle.dbtools.crest.model.design.relational.Column">
<Column name="vet_id" id="2D5483D9-7F59-EE29-4C99-E4216CBDBDEC">
<createdBy>huangsirui</createdBy>
<createdTime>2023-09-14 01:56:40 UTC</createdTime>
<commentInRDBMS><![CDATA[the vet id number]]></commentInRDBMS>
<generatorID>BFC8D9A5-FE23-0EE8-9D4B-0D6BFE4EB15C</generatorID>
<ownerDesignName>pf_oraclemodel</ownerDesignName>
<useDomainConstraints>false</useDomainConstraints>
<use>1</use>
<logicalDatatype>LOGDT019</logicalDatatype>
<dataTypePrecision>2</dataTypePrecision>
<ownDataTypeParameters>,2,</ownDataTypeParameters>
<autoIncrementCycle>false</autoIncrementCycle>
</Column>
<Column name="vet_giv_name" id="90EB819B-661A-1E62-AAE0-1E291BCAE52E">
<createdBy>huangsirui</createdBy>
<createdTime>2023-09-14 01:56:40 UTC</createdTime>
<commentInRDBMS><![CDATA[the given name of the vet]]></commentInRDBMS>
<generatorID>0873459B-27D0-3871-ED32-57BB7977D13C</generatorID>
<ownerDesignName>pf_oraclemodel</ownerDesignName>
<nullsAllowed>true</nullsAllowed>
<useDomainConstraints>false</useDomainConstraints>
<use>1</use>
<logicalDatatype>LOGDT024</logicalDatatype>
<dataTypeSize>30</dataTypeSize>
<ownDataTypeParameters>30,,</ownDataTypeParameters>
<autoIncrementCycle>false</autoIncrementCycle>
</Column>
<Column name="vet_fam_name" id="F9697F4E-18E0-F146-4E28-483BDE9B0723">
<createdBy>huangsirui</createdBy>
<createdTime>2023-09-14 01:56:40 UTC</createdTime>
<commentInRDBMS><![CDATA[the family name of the vet]]></commentInRDBMS>
<generatorID>931A2D77-F093-A207-C36A-A9E9ABF8DB61</generatorID>
<ownerDesignName>pf_oraclemodel</ownerDesignName>
<nullsAllowed>true</nullsAllowed>
<useDomainConstraints>false</useDomainConstraints>
<use>1</use>
<logicalDatatype>LOGDT024</logicalDatatype>
<dataTypeSize>30</dataTypeSize>
<ownDataTypeParameters>30,,</ownDataTypeParameters>
<autoIncrementCycle>false</autoIncrementCycle>
</Column>
<Column name="vet_phone_no" id="A5B9E112-DB1A-3B49-22BF-A48B7D07C001">
<createdBy>huangsirui</createdBy>
<createdTime>2023-09-14 01:56:40 UTC</createdTime>
<commentInRDBMS><![CDATA[the phone number of the vet]]></commentInRDBMS>
<generatorID>88592F8C-92F0-C952-FE28-1A50C9A5A6FF</generatorID>
<ownerDesignName>pf_oraclemodel</ownerDesignName>
<useDomainConstraints>false</useDomainConstraints>
<use>1</use>
<logicalDatatype>LOGDT019</logicalDatatype>
<dataTypePrecision>10</dataTypePrecision>
<ownDataTypeParameters>,10,</ownDataTypeParameters>
<autoIncrementCycle>false</autoIncrementCycle>
</Column>
<Column name="vet_employed_date" id="04E93F6A-4164-6441-18D8-ED4C57E891A5">
<createdBy>huangsirui</createdBy>
<createdTime>2023-09-14 01:56:40 UTC</createdTime>
<commentInRDBMS><![CDATA[the date when the vet got employed]]></commentInRDBMS>
<generatorID>3E37D4E9-E91F-DBEF-02F4-75D016FA18E7</generatorID>
<ownerDesignName>pf_oraclemodel</ownerDesignName>
<useDomainConstraints>false</useDomainConstraints>
<use>1</use>
<logicalDatatype>LOGDT007</logicalDatatype>
<ownDataTypeParameters>,,</ownDataTypeParameters>
<autoIncrementCycle>false</autoIncrementCycle>
</Column>
<Column name="clinic_id" id="25E8F036-A80E-A0DD-50B7-2E78AA059192">
<createdBy>huangsirui</createdBy>
<createdTime>2023-09-14 01:56:40 UTC</createdTime>
<commentInRDBMS><![CDATA[the clinic id number]]></commentInRDBMS>
<generatorID>D5875CFA-BEAC-CB58-273F-F1D7855A96BD</generatorID>
<ownerDesignName>pf_oraclemodel</ownerDesignName>
<useDomainConstraints>false</useDomainConstraints>
<use>1</use>
<logicalDatatype>LOGDT019</logicalDatatype>
<dataTypePrecision>2</dataTypePrecision>
<ownDataTypeParameters>,,</ownDataTypeParameters>
<previousColumn>false</previousColumn>
<autoIncrementCycle>false</autoIncrementCycle>
<associations>
<colAssociation fkAssociation="395EA4E8-33D0-BE64-9AAD-9B032F460FDF" referredColumn="77A298E4-879D-8014-8C24-661301FFBFAC"/>
</associations>
</Column>
<Column name="spec_id" id="AA6170AC-085D-55F9-8393-D2BB5B5FFE6C">
<createdBy>huangsirui</createdBy>
<createdTime>2023-09-14 01:56:40 UTC</createdTime>
<commentInRDBMS><![CDATA[SPECIALIZATION vet id number ]]></commentInRDBMS>
<generatorID>6832BC84-B80D-5DC3-D52F-67B13285F392</generatorID>
<ownerDesignName>pf_oraclemodel</ownerDesignName>
<useDomainConstraints>false</useDomainConstraints>
<use>1</use>
<logicalDatatype>LOGDT019</logicalDatatype>
<dataTypePrecision>4</dataTypePrecision>
<ownDataTypeParameters>,,</ownDataTypeParameters>
<previousColumn>false</previousColumn>
<autoIncrementCycle>false</autoIncrementCycle>
<associations>
<colAssociation fkAssociation="4811C422-42E5-8D3D-C670-2DAA29FA7F9A" referredColumn="60E4D94A-6D93-832C-AA7E-53359E43C7E4"/>
</associations>
</Column>
</columns>
<indexes itemClass="oracle.dbtools.crest.model.design.relational.Index">
<ind_PK_UK id="918DA4A7-49F0-E050-4041-950DBC308C59" name="VET_PK">
<createdBy>huangsirui</createdBy>
<createdTime>2023-09-14 01:56:40 UTC</createdTime>
<generatorID>E5814643-26F5-BD23-50BF-4CC0CBD80142</generatorID>
<ownerDesignName>pf_oraclemodel</ownerDesignName>
<pk>true</pk>
<indexState>Primary Constraint</indexState>
<isSurrogateKey>false</isSurrogateKey>
<indexColumnUsage>
<colUsage columnID="2D5483D9-7F59-EE29-4C99-E4216CBDBDEC"/>
</indexColumnUsage>
</ind_PK_UK>
<ind_PK_UK id="271DBE8F-8038-A6A6-423A-0C23D2171408" name="CLINIC_VET">
<createdBy>huangsirui</createdBy>
<createdTime>2023-09-14 01:56:40 UTC</createdTime>
<generatorID>108B5D2B-39F2-3875-9246-B4FB0C9099AD</generatorID>
<ownerDesignName>pf_oraclemodel</ownerDesignName>
<indexState>Foreign Key</indexState>
<isSurrogateKey>false</isSurrogateKey>
<indexColumnUsage>
<colUsage columnID="25E8F036-A80E-A0DD-50B7-2E78AA059192"/>
</indexColumnUsage>
</ind_PK_UK>
<ind_PK_UK id="63983195-E791-4ACD-E06A-3F4D75174D7C" name="VET_SPECIALIZATION">
<createdBy>huangsirui</createdBy>
<createdTime>2023-09-14 01:56:40 UTC</createdTime>
<generatorID>846AB982-FCDE-6407-0663-DBDB7B3FADD0</generatorID>
<ownerDesignName>pf_oraclemodel</ownerDesignName>
<indexState>Foreign Key</indexState>
<isSurrogateKey>false</isSurrogateKey>
<indexColumnUsage>
<colUsage columnID="AA6170AC-085D-55F9-8393-D2BB5B5FFE6C"/>
</indexColumnUsage>
</ind_PK_UK>
</indexes>
</Table>
