<?xml version = '1.0' encoding = 'UTF-8'?>
<Table class="oracle.dbtools.crest.model.design.relational.Table" directorySegmentName="seg_0" id="4FE34366-949F-8E4A-7C46-7084BD3EDACD" name="SERVICE">
<createdBy>huangsirui</createdBy>
<createdTime>2023-09-14 01:56:40 UTC</createdTime>
<generatorID>5182910D-FCF2-FCB4-7839-AC19BFE6352D</generatorID>
<ownerDesignName>pf_oraclemodel</ownerDesignName>
<allowColumnReorder>false</allowColumnReorder>
<existDependencyGenerateInDDl>true</existDependencyGenerateInDDl>
<parsed>true</parsed>
<columns itemClass="oracle.dbtools.crest.model.design.relational.Column">
<Column name="service_code" id="91E30C2F-E0FF-7328-5B74-F79E9F28B02C">
<createdBy>huangsirui</createdBy>
<createdTime>2023-09-14 01:56:40 UTC</createdTime>
<commentInRDBMS><![CDATA[service code number of the visit service]]></commentInRDBMS>
<generatorID>0CCD63AE-5CB9-C9BD-C95E-3A6B6F472DB9</generatorID>
<ownerDesignName>pf_oraclemodel</ownerDesignName>
<useDomainConstraints>false</useDomainConstraints>
<use>1</use>
<logicalDatatype>LOGDT025</logicalDatatype>
<dataTypeSize>5</dataTypeSize>
<ownDataTypeParameters>5,,</ownDataTypeParameters>
<autoIncrementCycle>false</autoIncrementCycle>
</Column>
<Column name="service_description" id="8BC39F8B-4B7B-C076-9E5E-E20F1F52C139">
<createdBy>huangsirui</createdBy>
<createdTime>2023-09-14 01:56:40 UTC</createdTime>
<commentInRDBMS><![CDATA[description of the service during visit]]></commentInRDBMS>
<generatorID>53A057F2-021B-6735-D069-D19EA0C40F60</generatorID>
<ownerDesignName>pf_oraclemodel</ownerDesignName>
<useDomainConstraints>false</useDomainConstraints>
<use>1</use>
<logicalDatatype>LOGDT024</logicalDatatype>
<dataTypeSize>100</dataTypeSize>
<ownDataTypeParameters>100,,</ownDataTypeParameters>
<autoIncrementCycle>false</autoIncrementCycle>
</Column>
<Column name="service_standard_charge" id="9EAEB4F3-ABCF-28CE-E1C2-E1EB086F4704">
<createdBy>huangsirui</createdBy>
<createdTime>2023-09-14 01:56:40 UTC</createdTime>
<commentInRDBMS><![CDATA[the standard charge of the service ]]></commentInRDBMS>
<generatorID>7F86F3BE-D63C-F3CA-46E4-8ED2E063A9AD</generatorID>
<ownerDesignName>pf_oraclemodel</ownerDesignName>
<useDomainConstraints>false</useDomainConstraints>
<use>1</use>
<logicalDatatype>LOGDT019</logicalDatatype>
<dataTypePrecision>5</dataTypePrecision>
<dataTypeScale>2</dataTypeScale>
<ownDataTypeParameters>,5,2</ownDataTypeParameters>
<autoIncrementCycle>false</autoIncrementCycle>
</Column>
</columns>
<indexes itemClass="oracle.dbtools.crest.model.design.relational.Index">
<ind_PK_UK id="6D016FCD-CE5C-4E0B-210B-354154AE1387" name="VISIT_SERVICE_PK">
<createdBy>huangsirui</createdBy>
<createdTime>2023-09-14 01:56:40 UTC</createdTime>
<generatorID>4E287A25-AE7D-6241-E379-B07D9B81A67A</generatorID>
<ownerDesignName>pf_oraclemodel</ownerDesignName>
<pk>true</pk>
<indexState>Primary Constraint</indexState>
<isSurrogateKey>false</isSurrogateKey>
<indexColumnUsage>
<colUsage columnID="91E30C2F-E0FF-7328-5B74-F79E9F28B02C"/>
</indexColumnUsage>
</ind_PK_UK>
</indexes>
</Table>
