<?xml version = '1.0' encoding = 'UTF-8'?>
<Table class="oracle.dbtools.crest.model.design.relational.Table" directorySegmentName="seg_0" id="98F197B8-178B-8359-4A96-990D538D0D95" name="OWNER">
<createdBy>huangsirui</createdBy>
<createdTime>2023-09-14 01:56:40 UTC</createdTime>
<generatorID>2E82D699-D924-0FC5-2905-43D28781E335</generatorID>
<ownerDesignName>pf_oraclemodel</ownerDesignName>
<allowColumnReorder>false</allowColumnReorder>
<existDependencyGenerateInDDl>true</existDependencyGenerateInDDl>
<parsed>true</parsed>
<columns itemClass="oracle.dbtools.crest.model.design.relational.Column">
<Column name="owner_id" id="DB5C6A1B-7086-5220-9F60-CF96D055C155">
<createdBy>huangsirui</createdBy>
<createdTime>2023-09-14 01:56:40 UTC</createdTime>
<commentInRDBMS><![CDATA[the owner id number]]></commentInRDBMS>
<generatorID>5D143565-C833-63C6-D59B-5809C3E778A8</generatorID>
<ownerDesignName>pf_oraclemodel</ownerDesignName>
<useDomainConstraints>false</useDomainConstraints>
<use>1</use>
<logicalDatatype>LOGDT019</logicalDatatype>
<dataTypePrecision>3</dataTypePrecision>
<ownDataTypeParameters>,3,</ownDataTypeParameters>
<autoIncrementCycle>false</autoIncrementCycle>
</Column>
<Column name="owner_giv_name" id="453BA1BE-8086-A451-D05E-7FB573BCE8CD">
<createdBy>huangsirui</createdBy>
<createdTime>2023-09-14 01:56:40 UTC</createdTime>
<commentInRDBMS><![CDATA[the owner given name]]></commentInRDBMS>
<generatorID>7CD9D647-FA0C-9C6B-1617-0F0708624708</generatorID>
<ownerDesignName>pf_oraclemodel</ownerDesignName>
<useDomainConstraints>false</useDomainConstraints>
<use>1</use>
<logicalDatatype>LOGDT024</logicalDatatype>
<dataTypeSize>30</dataTypeSize>
<ownDataTypeParameters>30,,</ownDataTypeParameters>
<autoIncrementCycle>false</autoIncrementCycle>
</Column>
<Column name="owner_fam_name" id="6C4C6773-2A2D-47CF-9502-0E947206A4B4">
<createdBy>huangsirui</createdBy>
<createdTime>2023-09-14 01:56:40 UTC</createdTime>
<commentInRDBMS><![CDATA[the owner family name]]></commentInRDBMS>
<generatorID>22F0F1A5-D260-98FB-401F-AB02308D71B7</generatorID>
<ownerDesignName>pf_oraclemodel</ownerDesignName>
<useDomainConstraints>false</useDomainConstraints>
<use>1</use>
<logicalDatatype>LOGDT024</logicalDatatype>
<dataTypeSize>30</dataTypeSize>
<ownDataTypeParameters>30,,</ownDataTypeParameters>
<autoIncrementCycle>false</autoIncrementCycle>
</Column>
<Column name="owner_phone_no" id="51246EBB-8B15-8962-6795-0CBF874369B7">
<createdBy>huangsirui</createdBy>
<createdTime>2023-09-14 01:56:40 UTC</createdTime>
<commentInRDBMS><![CDATA[the vet phone number]]></commentInRDBMS>
<generatorID>9A554F17-4071-F72B-8695-A4C129768FC2</generatorID>
<ownerDesignName>pf_oraclemodel</ownerDesignName>
<useDomainConstraints>false</useDomainConstraints>
<use>1</use>
<logicalDatatype>LOGDT019</logicalDatatype>
<dataTypePrecision>10</dataTypePrecision>
<ownDataTypeParameters>,10,</ownDataTypeParameters>
<autoIncrementCycle>false</autoIncrementCycle>
</Column>
</columns>
<indexes itemClass="oracle.dbtools.crest.model.design.relational.Index">
<ind_PK_UK id="741B077D-5657-1138-3D25-53C8187D637F" name="OWNER_PK">
<createdBy>huangsirui</createdBy>
<createdTime>2023-09-14 01:56:40 UTC</createdTime>
<generatorID>591361F3-B5DB-E539-5E00-E33E6C3B50F7</generatorID>
<ownerDesignName>pf_oraclemodel</ownerDesignName>
<pk>true</pk>
<indexState>Primary Constraint</indexState>
<isSurrogateKey>false</isSurrogateKey>
<indexColumnUsage>
<colUsage columnID="DB5C6A1B-7086-5220-9F60-CF96D055C155"/>
</indexColumnUsage>
</ind_PK_UK>
</indexes>
</Table>
