<?xml version = '1.0' encoding = 'UTF-8'?>
<Table class="oracle.dbtools.crest.model.design.relational.Table" directorySegmentName="seg_0" id="E3BA8A27-468C-6D21-1FCF-D0CFC643C07F" name="TRAINING">
<createdBy>huangsirui</createdBy>
<createdTime>2023-09-14 01:56:40 UTC</createdTime>
<generatorID>654C2B53-ED8A-632A-5EBC-83C296177050</generatorID>
<ownerDesignName>pf_oraclemodel</ownerDesignName>
<allowColumnReorder>false</allowColumnReorder>
<existDependencyGenerateInDDl>true</existDependencyGenerateInDDl>
<parsed>true</parsed>
<columns itemClass="oracle.dbtools.crest.model.design.relational.Column">
<Column name="train_id" id="D4A16F69-8918-D905-10DF-CEDA7374C531">
<createdBy>huangsirui</createdBy>
<createdTime>2023-09-14 01:56:40 UTC</createdTime>
<commentInRDBMS><![CDATA[id number of training]]></commentInRDBMS>
<generatorID>EC74075C-C9B3-8B5D-19A4-39FAA8C2E8A3</generatorID>
<ownerDesignName>pf_oraclemodel</ownerDesignName>
<useDomainConstraints>false</useDomainConstraints>
<use>1</use>
<logicalDatatype>LOGDT019</logicalDatatype>
<dataTypePrecision>3</dataTypePrecision>
<ownDataTypeParameters>,3,</ownDataTypeParameters>
<autoIncrementCycle>false</autoIncrementCycle>
</Column>
<Column name="vet_id" id="CBEF775C-6657-5A48-70B2-EDD58AE5B5F0">
<createdBy>huangsirui</createdBy>
<createdTime>2023-09-14 01:56:40 UTC</createdTime>
<commentInRDBMS><![CDATA[the vet id number]]></commentInRDBMS>
<generatorID>55CD93A3-6574-9F0D-C4FC-E19934DF40DB</generatorID>
<ownerDesignName>pf_oraclemodel</ownerDesignName>
<useDomainConstraints>false</useDomainConstraints>
<use>1</use>
<logicalDatatype>LOGDT019</logicalDatatype>
<dataTypePrecision>2</dataTypePrecision>
<ownDataTypeParameters>,,</ownDataTypeParameters>
<previousColumn>false</previousColumn>
<autoIncrementCycle>false</autoIncrementCycle>
<associations>
<colAssociation fkAssociation="050B9512-BC4E-3FD9-8F5A-836A6BEA39FB" referredColumn="2D5483D9-7F59-EE29-4C99-E4216CBDBDEC"/>
</associations>
</Column>
<Column name="train_date_time" id="9DFAD450-ADDB-30DC-6F7F-B59F7F2A3E36">
<createdBy>huangsirui</createdBy>
<createdTime>2023-09-14 01:56:40 UTC</createdTime>
<commentInRDBMS><![CDATA[the training date and time]]></commentInRDBMS>
<generatorID>658EFD3F-B078-947E-AD29-8D4E35C47EB8</generatorID>
<ownerDesignName>pf_oraclemodel</ownerDesignName>
<useDomainConstraints>false</useDomainConstraints>
<use>1</use>
<logicalDatatype>LOGDT007</logicalDatatype>
<ownDataTypeParameters>,,</ownDataTypeParameters>
<autoIncrementCycle>false</autoIncrementCycle>
</Column>
<Column name="train_course_name" id="390E1F97-E3DD-9472-D360-0A18623E1E1F">
<createdBy>huangsirui</createdBy>
<createdTime>2023-09-14 01:56:40 UTC</createdTime>
<commentInRDBMS><![CDATA[the training course name]]></commentInRDBMS>
<generatorID>991D8E99-4B64-7A11-B44E-635EB2B248FC</generatorID>
<ownerDesignName>pf_oraclemodel</ownerDesignName>
<nullsAllowed>true</nullsAllowed>
<useDomainConstraints>false</useDomainConstraints>
<use>1</use>
<logicalDatatype>LOGDT024</logicalDatatype>
<dataTypeSize>40</dataTypeSize>
<ownDataTypeParameters>40,,</ownDataTypeParameters>
<autoIncrementCycle>false</autoIncrementCycle>
</Column>
<Column name="train_duration" id="BA055267-2A3C-A54A-9224-52C97F1217C5">
<createdBy>huangsirui</createdBy>
<createdTime>2023-09-14 01:56:40 UTC</createdTime>
<commentInRDBMS><![CDATA[the training duration]]></commentInRDBMS>
<generatorID>FDB3197E-DAB8-EBC4-C7BC-91493A4663F6</generatorID>
<ownerDesignName>pf_oraclemodel</ownerDesignName>
<nullsAllowed>true</nullsAllowed>
<useDomainConstraints>false</useDomainConstraints>
<use>1</use>
<logicalDatatype>LOGDT019</logicalDatatype>
<dataTypePrecision>2</dataTypePrecision>
<ownDataTypeParameters>,2,</ownDataTypeParameters>
<autoIncrementCycle>false</autoIncrementCycle>
</Column>
<Column name="train_title" id="34C8C50F-ED3B-B6C2-D426-105282877DDD">
<createdBy>huangsirui</createdBy>
<createdTime>2023-09-14 01:56:40 UTC</createdTime>
<commentInRDBMS><![CDATA[the training title]]></commentInRDBMS>
<generatorID>8C4B6E3B-F0EC-AE0A-B2AB-0FF1F85CD73E</generatorID>
<ownerDesignName>pf_oraclemodel</ownerDesignName>
<useDomainConstraints>false</useDomainConstraints>
<use>1</use>
<logicalDatatype>LOGDT024</logicalDatatype>
<dataTypeSize>50</dataTypeSize>
<ownDataTypeParameters>50,,</ownDataTypeParameters>
<autoIncrementCycle>false</autoIncrementCycle>
</Column>
<Column name="clinic_id" id="E6A45020-A7B3-62E8-C9B7-24D42DFFBBE6">
<createdBy>huangsirui</createdBy>
<createdTime>2023-09-14 01:56:40 UTC</createdTime>
<commentInRDBMS><![CDATA[the clinic id number]]></commentInRDBMS>
<generatorID>02AA1288-4DDC-23A1-8A49-4CC0C55BC17D</generatorID>
<ownerDesignName>pf_oraclemodel</ownerDesignName>
<useDomainConstraints>false</useDomainConstraints>
<use>1</use>
<logicalDatatype>LOGDT019</logicalDatatype>
<dataTypePrecision>2</dataTypePrecision>
<ownDataTypeParameters>,,</ownDataTypeParameters>
<previousColumn>false</previousColumn>
<autoIncrementCycle>false</autoIncrementCycle>
<associations>
<colAssociation fkAssociation="1DBC512B-43C2-C8BB-3E98-992DCE34F040" referredColumn="77A298E4-879D-8014-8C24-661301FFBFAC"/>
</associations>
</Column>
</columns>
<indexes itemClass="oracle.dbtools.crest.model.design.relational.Index">
<ind_PK_UK id="AACF7C26-F00F-1BDB-87B2-B1FB2CDFF5CC" name="TRAINING_PK">
<createdBy>huangsirui</createdBy>
<createdTime>2023-09-14 01:56:40 UTC</createdTime>
<generatorID>4C0DA927-0EFA-A9BE-57FD-C320AABEEA66</generatorID>
<ownerDesignName>pf_oraclemodel</ownerDesignName>
<pk>true</pk>
<indexState>Primary Constraint</indexState>
<isSurrogateKey>false</isSurrogateKey>
<indexColumnUsage>
<colUsage columnID="D4A16F69-8918-D905-10DF-CEDA7374C531"/>
</indexColumnUsage>
</ind_PK_UK>
<ind_PK_UK id="D1043A0C-85AF-DE42-B336-45E9F5B8039B" name="TRAINING_UK">
<createdBy>huangsirui</createdBy>
<createdTime>2023-09-14 01:56:40 UTC</createdTime>
<generatorID>8D7C0CBC-97A8-907C-31B1-66FC36E76CF7</generatorID>
<ownerDesignName>pf_oraclemodel</ownerDesignName>
<indexState>Unique Constraint</indexState>
<isSurrogateKey>false</isSurrogateKey>
<indexColumnUsage>
<colUsage columnID="CBEF775C-6657-5A48-70B2-EDD58AE5B5F0"/>
<colUsage columnID="9DFAD450-ADDB-30DC-6F7F-B59F7F2A3E36"/>
</indexColumnUsage>
</ind_PK_UK>
<ind_PK_UK id="997EF21D-D983-EEF3-CB81-AD6773A9E0CC" name="CLINIC_TRAINING">
<createdBy>huangsirui</createdBy>
<createdTime>2023-09-14 01:56:40 UTC</createdTime>
<generatorID>C0E62A9A-0F66-BEE9-5255-0687BB54967B</generatorID>
<ownerDesignName>pf_oraclemodel</ownerDesignName>
<indexState>Foreign Key</indexState>
<isSurrogateKey>false</isSurrogateKey>
<indexColumnUsage>
<colUsage columnID="E6A45020-A7B3-62E8-C9B7-24D42DFFBBE6"/>
</indexColumnUsage>
</ind_PK_UK>
<ind_PK_UK id="6614024F-2590-3087-82E8-0B231F81E3DD" name="VET_TRAINING">
<createdBy>huangsirui</createdBy>
<createdTime>2023-09-14 01:56:40 UTC</createdTime>
<generatorID>A199C9B0-10D9-94FD-786C-71B803386F92</generatorID>
<ownerDesignName>pf_oraclemodel</ownerDesignName>
<indexState>Foreign Key</indexState>
<isSurrogateKey>false</isSurrogateKey>
<indexColumnUsage>
<colUsage columnID="CBEF775C-6657-5A48-70B2-EDD58AE5B5F0"/>
</indexColumnUsage>
</ind_PK_UK>
</indexes>
</Table>
