<?xml version = '1.0' encoding = 'UTF-8'?>
<Table class="oracle.dbtools.crest.model.design.relational.Table" directorySegmentName="seg_0" id="F40CCC4B-F133-6128-13E0-3B80031F086B" name="VISIT">
<createdBy>huangsirui</createdBy>
<createdTime>2023-09-14 01:56:40 UTC</createdTime>
<generatorID>0F4472D2-B1CC-45AD-251C-B22E4B01A54A</generatorID>
<ownerDesignName>pf_oraclemodel</ownerDesignName>
<allowColumnReorder>false</allowColumnReorder>
<existDependencyGenerateInDDl>true</existDependencyGenerateInDDl>
<parsed>true</parsed>
<columns itemClass="oracle.dbtools.crest.model.design.relational.Column">
<Column name="visit_id" id="AF0A8ADB-4C71-E331-745D-C93F3497DFBB">
<createdBy>huangsirui</createdBy>
<createdTime>2023-09-14 01:56:40 UTC</createdTime>
<commentInRDBMS><![CDATA[the id number of the visit — surrogate key]]></commentInRDBMS>
<generatorID>BF2E77AC-D989-CD85-9296-2DB96C9860BD</generatorID>
<ownerDesignName>pf_oraclemodel</ownerDesignName>
<useDomainConstraints>false</useDomainConstraints>
<use>1</use>
<logicalDatatype>LOGDT019</logicalDatatype>
<dataTypePrecision>10</dataTypePrecision>
<ownDataTypeParameters>,10,</ownDataTypeParameters>
<autoIncrementCycle>false</autoIncrementCycle>
</Column>
<Column name="vet_id" id="41E82952-BB51-4D92-0DEB-127FF3A1C770">
<createdBy>huangsirui</createdBy>
<createdTime>2023-09-14 01:56:40 UTC</createdTime>
<commentInRDBMS><![CDATA[the vet id number]]></commentInRDBMS>
<generatorID>C9168E0D-6745-A75E-5D7A-5F6D282BA752</generatorID>
<ownerDesignName>pf_oraclemodel</ownerDesignName>
<useDomainConstraints>false</useDomainConstraints>
<use>1</use>
<logicalDatatype>LOGDT019</logicalDatatype>
<dataTypePrecision>2</dataTypePrecision>
<ownDataTypeParameters>,,</ownDataTypeParameters>
<previousColumn>false</previousColumn>
<autoIncrementCycle>false</autoIncrementCycle>
<associations>
<colAssociation fkAssociation="F65F0DF5-ABEA-E1F1-EAE8-8F55C8B40E4C" referredColumn="2D5483D9-7F59-EE29-4C99-E4216CBDBDEC"/>
</associations>
</Column>
<Column name="visit_date_time" id="7EC379EF-3C5B-EE77-4451-A7DE756E8A0F">
<createdBy>huangsirui</createdBy>
<createdTime>2023-09-14 01:56:40 UTC</createdTime>
<commentInRDBMS><![CDATA[date and time of the visit]]></commentInRDBMS>
<generatorID>BD2F54B3-A54B-9F0F-C6FE-F1A5518CB98F</generatorID>
<ownerDesignName>pf_oraclemodel</ownerDesignName>
<useDomainConstraints>false</useDomainConstraints>
<use>1</use>
<logicalDatatype>LOGDT007</logicalDatatype>
<ownDataTypeParameters>,,</ownDataTypeParameters>
<autoIncrementCycle>false</autoIncrementCycle>
</Column>
<Column name="visit_pet_weight" id="B8895C3F-CB61-5D30-D2F2-2BEAEF4167FE">
<createdBy>huangsirui</createdBy>
<createdTime>2023-09-14 01:56:40 UTC</createdTime>
<commentInRDBMS><![CDATA[weight of the pet during visit]]></commentInRDBMS>
<generatorID>76CF7AD2-002C-3506-E91E-5024E41AB17F</generatorID>
<ownerDesignName>pf_oraclemodel</ownerDesignName>
<useDomainConstraints>false</useDomainConstraints>
<use>1</use>
<logicalDatatype>LOGDT019</logicalDatatype>
<dataTypePrecision>3</dataTypePrecision>
<dataTypeScale>2</dataTypeScale>
<ownDataTypeParameters>,3,2</ownDataTypeParameters>
<autoIncrementCycle>false</autoIncrementCycle>
</Column>
<Column name="visit_length" id="FFCA21F4-AFE8-3BB8-433E-353BA1ECC774">
<createdBy>huangsirui</createdBy>
<createdTime>2023-09-14 01:56:40 UTC</createdTime>
<commentInRDBMS><![CDATA[length of the visit]]></commentInRDBMS>
<generatorID>A7929CAB-26F2-DA4C-D5E8-3592F3B80AC5</generatorID>
<ownerDesignName>pf_oraclemodel</ownerDesignName>
<useDomainConstraints>false</useDomainConstraints>
<use>1</use>
<logicalDatatype>LOGDT019</logicalDatatype>
<dataTypePrecision>2</dataTypePrecision>
<dataTypeScale>2</dataTypeScale>
<ownDataTypeParameters>,2,2</ownDataTypeParameters>
<autoIncrementCycle>false</autoIncrementCycle>
</Column>
<Column name="visit_notes" id="8648B362-3E8F-7D70-9A23-A47FA3C47162">
<createdBy>huangsirui</createdBy>
<createdTime>2023-09-14 01:56:40 UTC</createdTime>
<commentInRDBMS><![CDATA[notes taken by vet during the visit]]></commentInRDBMS>
<generatorID>37E95A0D-BEE8-C324-17B5-8718E6214836</generatorID>
<ownerDesignName>pf_oraclemodel</ownerDesignName>
<useDomainConstraints>false</useDomainConstraints>
<use>1</use>
<logicalDatatype>LOGDT024</logicalDatatype>
<dataTypeSize>50</dataTypeSize>
<ownDataTypeParameters>50,,</ownDataTypeParameters>
<autoIncrementCycle>false</autoIncrementCycle>
</Column>
<Column name="visit_total_amount" id="0401B75E-5052-A8D5-5696-61114F13958F">
<createdBy>huangsirui</createdBy>
<createdTime>2023-09-14 01:56:40 UTC</createdTime>
<commentInRDBMS><![CDATA[amount charged per visit]]></commentInRDBMS>
<generatorID>31AB30E3-1688-9C31-FCA0-8F78A18F911A</generatorID>
<ownerDesignName>pf_oraclemodel</ownerDesignName>
<useDomainConstraints>false</useDomainConstraints>
<use>1</use>
<logicalDatatype>LOGDT019</logicalDatatype>
<dataTypePrecision>5</dataTypePrecision>
<dataTypeScale>2</dataTypeScale>
<ownDataTypeParameters>,5,2</ownDataTypeParameters>
<autoIncrementCycle>false</autoIncrementCycle>
</Column>
<Column name="visit_payment_type" id="B06B9C0A-FA5C-DD46-5800-77D797728AFB">
<createdBy>huangsirui</createdBy>
<createdTime>2023-09-14 01:56:40 UTC</createdTime>
<commentInRDBMS><![CDATA[type of payment during visit: C(CASH)/E(EFT)]]></commentInRDBMS>
<generatorID>67F4EF57-C446-C5DE-EA5F-2A745689F1D2</generatorID>
<ownerDesignName>pf_oraclemodel</ownerDesignName>
<useDomainConstraints>false</useDomainConstraints>
<use>1</use>
<logicalDatatype>LOGDT025</logicalDatatype>
<dataTypeSize>1</dataTypeSize>
<listOfValues>
<valueDef value="C" description="CASH"/>
<valueDef value="E" description="EFT"/>
</listOfValues>
<ownDataTypeParameters>1,,</ownDataTypeParameters>
<autoIncrementCycle>false</autoIncrementCycle>
</Column>
<Column name="clinic_id" id="44068491-8F73-53B5-4431-C415E2B8D643">
<createdBy>huangsirui</createdBy>
<createdTime>2023-09-14 01:56:40 UTC</createdTime>
<commentInRDBMS><![CDATA[the clinic id number]]></commentInRDBMS>
<generatorID>B1D7EA8F-1C6D-0CF8-FB98-26755FAFCB91</generatorID>
<ownerDesignName>pf_oraclemodel</ownerDesignName>
<useDomainConstraints>false</useDomainConstraints>
<use>1</use>
<logicalDatatype>LOGDT019</logicalDatatype>
<dataTypePrecision>2</dataTypePrecision>
<ownDataTypeParameters>,,</ownDataTypeParameters>
<previousColumn>false</previousColumn>
<autoIncrementCycle>false</autoIncrementCycle>
<associations>
<colAssociation fkAssociation="6AE0E857-78E0-E958-29A4-62BEE121A162" referredColumn="77A298E4-879D-8014-8C24-661301FFBFAC"/>
</associations>
</Column>
<Column name="first_visit_id" id="F4A6B1F1-9BEC-A60B-45F1-FFD33F28B751">
<createdBy>huangsirui</createdBy>
<createdTime>2023-09-14 01:56:40 UTC</createdTime>
<commentInRDBMS><![CDATA[the id number of the visit — surrogate key]]></commentInRDBMS>
<generatorID>1C0CBD94-EE40-2FF5-39C9-2CA663151E19</generatorID>
<ownerDesignName>pf_oraclemodel</ownerDesignName>
<nullsAllowed>true</nullsAllowed>
<useDomainConstraints>false</useDomainConstraints>
<use>1</use>
<logicalDatatype>LOGDT019</logicalDatatype>
<dataTypePrecision>10</dataTypePrecision>
<ownDataTypeParameters>,,</ownDataTypeParameters>
<previousColumn>false</previousColumn>
<autoIncrementCycle>false</autoIncrementCycle>
<associations>
<colAssociation fkAssociation="20077A21-C55F-A4B2-AFF6-E101C48AAE41" referredColumn="AF0A8ADB-4C71-E331-745D-C93F3497DFBB"/>
</associations>
</Column>
<Column name="pet_id" id="7C0E9080-3B44-A7A6-B9A9-E353CEDBDC0E">
<createdBy>huangsirui</createdBy>
<createdTime>2023-09-14 01:56:40 UTC</createdTime>
<commentInRDBMS><![CDATA[the pet id number]]></commentInRDBMS>
<generatorID>3E1F12DB-066F-8944-6C0E-7D1DB8D64CCD</generatorID>
<ownerDesignName>pf_oraclemodel</ownerDesignName>
<useDomainConstraints>false</useDomainConstraints>
<use>1</use>
<logicalDatatype>LOGDT019</logicalDatatype>
<dataTypePrecision>5</dataTypePrecision>
<ownDataTypeParameters>,,</ownDataTypeParameters>
<previousColumn>false</previousColumn>
<autoIncrementCycle>false</autoIncrementCycle>
<associations>
<colAssociation fkAssociation="70746E8A-C906-DFE7-3E48-DB8CAC8BC3DB" referredColumn="94756142-6058-A08D-3D49-DAE7533E49A4"/>
</associations>
</Column>
</columns>
<indexes itemClass="oracle.dbtools.crest.model.design.relational.Index">
<ind_PK_UK id="89101203-0140-2665-8C5E-D3F63169DE83" name="VISIT_PK">
<createdBy>huangsirui</createdBy>
<createdTime>2023-09-14 01:56:40 UTC</createdTime>
<generatorID>E74C5820-B57C-7C18-02BB-9B4B19667566</generatorID>
<ownerDesignName>pf_oraclemodel</ownerDesignName>
<pk>true</pk>
<indexState>Primary Constraint</indexState>
<isSurrogateKey>false</isSurrogateKey>
<indexColumnUsage>
<colUsage columnID="AF0A8ADB-4C71-E331-745D-C93F3497DFBB"/>
</indexColumnUsage>
</ind_PK_UK>
<ind_PK_UK id="62E91977-C333-AD6B-BE02-EC927CFD6B15" name="VISIT_UK">
<createdBy>huangsirui</createdBy>
<createdTime>2023-09-14 01:56:40 UTC</createdTime>
<generatorID>A8E9E083-B256-0528-6999-570B51D880A0</generatorID>
<ownerDesignName>pf_oraclemodel</ownerDesignName>
<indexState>Unique Constraint</indexState>
<isSurrogateKey>false</isSurrogateKey>
<indexColumnUsage>
<colUsage columnID="41E82952-BB51-4D92-0DEB-127FF3A1C770"/>
<colUsage columnID="7EC379EF-3C5B-EE77-4451-A7DE756E8A0F"/>
</indexColumnUsage>
</ind_PK_UK>
<ind_PK_UK id="F84D7B5E-F1D4-7F34-2E40-4D52C8B0C184" name="CLINIC_VISIT">
<createdBy>huangsirui</createdBy>
<createdTime>2023-09-14 01:56:40 UTC</createdTime>
<generatorID>2B8CB46B-8F7A-9D45-CA06-FFBF9A8087D4</generatorID>
<ownerDesignName>pf_oraclemodel</ownerDesignName>
<indexState>Foreign Key</indexState>
<isSurrogateKey>false</isSurrogateKey>
<indexColumnUsage>
<colUsage columnID="44068491-8F73-53B5-4431-C415E2B8D643"/>
</indexColumnUsage>
</ind_PK_UK>
<ind_PK_UK id="57944C06-3471-88FE-6CBE-9F518D5F9D4D" name="PET_VISIT">
<createdBy>huangsirui</createdBy>
<createdTime>2023-09-14 01:56:40 UTC</createdTime>
<generatorID>A5BD3989-77F5-B1BF-41E3-8F5B222DD269</generatorID>
<ownerDesignName>pf_oraclemodel</ownerDesignName>
<indexState>Foreign Key</indexState>
<isSurrogateKey>false</isSurrogateKey>
<indexColumnUsage>
<colUsage columnID="7C0E9080-3B44-A7A6-B9A9-E353CEDBDC0E"/>
</indexColumnUsage>
</ind_PK_UK>
<ind_PK_UK id="EDF63790-DD5A-E336-B496-1000EF5BAA10" name="VET_VISIT">
<createdBy>huangsirui</createdBy>
<createdTime>2023-09-14 01:56:40 UTC</createdTime>
<generatorID>A246A1AB-26BB-E7A9-6E12-C414AFBA6112</generatorID>
<ownerDesignName>pf_oraclemodel</ownerDesignName>
<indexState>Foreign Key</indexState>
<isSurrogateKey>false</isSurrogateKey>
<indexColumnUsage>
<colUsage columnID="41E82952-BB51-4D92-0DEB-127FF3A1C770"/>
</indexColumnUsage>
</ind_PK_UK>
<ind_PK_UK id="14E6C693-4D26-28CB-8A94-9774479F20B8" name="VISIT_VISIT">
<createdBy>huangsirui</createdBy>
<createdTime>2023-09-14 01:56:40 UTC</createdTime>
<generatorID>2C7525E6-ED3F-7076-A66A-42746AF3AB5D</generatorID>
<ownerDesignName>pf_oraclemodel</ownerDesignName>
<indexState>Foreign Key</indexState>
<isSurrogateKey>false</isSurrogateKey>
<indexColumnUsage>
<colUsage columnID="F4A6B1F1-9BEC-A60B-45F1-FFD33F28B751"/>
</indexColumnUsage>
</ind_PK_UK>
</indexes>
</Table>
