<?xml version = '1.0' encoding = 'UTF-8'?>
<Table class="oracle.dbtools.crest.model.design.relational.Table" directorySegmentName="seg_0" id="FF9B618C-2C0C-1BFA-4C62-CB7BED185C6C" name="TRAIN_VET">
<createdBy>huangsirui</createdBy>
<createdTime>2023-09-14 01:56:40 UTC</createdTime>
<generatorID>A2CAE241-F4F2-7221-65F3-8DEB2AD3E604</generatorID>
<ownerDesignName>pf_oraclemodel</ownerDesignName>
<allowColumnReorder>false</allowColumnReorder>
<existDependencyGenerateInDDl>true</existDependencyGenerateInDDl>
<parsed>true</parsed>
<columns itemClass="oracle.dbtools.crest.model.design.relational.Column">
<Column name="train_id" id="2631FFB3-2AC6-642A-794B-66EDFBF698A0">
<createdBy>huangsirui</createdBy>
<createdTime>2023-09-14 01:56:40 UTC</createdTime>
<commentInRDBMS><![CDATA[id number of training]]></commentInRDBMS>
<generatorID>58EE57A1-0952-0252-FE93-C1A5CC6B09D3</generatorID>
<ownerDesignName>pf_oraclemodel</ownerDesignName>
<useDomainConstraints>false</useDomainConstraints>
<use>1</use>
<logicalDatatype>LOGDT019</logicalDatatype>
<dataTypePrecision>3</dataTypePrecision>
<ownDataTypeParameters>,,</ownDataTypeParameters>
<previousColumn>false</previousColumn>
<autoIncrementCycle>false</autoIncrementCycle>
<associations>
<colAssociation fkAssociation="B848D3EC-80EE-7BD4-D276-B35C96FC99C3" referredColumn="D4A16F69-8918-D905-10DF-CEDA7374C531"/>
</associations>
</Column>
<Column name="vet_id" id="39325EE7-3AC7-BA0A-CBAB-7C19C909C130">
<createdBy>huangsirui</createdBy>
<createdTime>2023-09-14 01:56:40 UTC</createdTime>
<commentInRDBMS><![CDATA[the vet id number]]></commentInRDBMS>
<generatorID>79CA7136-9E8D-FFE9-3B25-152DE03A3D1B</generatorID>
<ownerDesignName>pf_oraclemodel</ownerDesignName>
<useDomainConstraints>false</useDomainConstraints>
<use>1</use>
<logicalDatatype>LOGDT019</logicalDatatype>
<dataTypePrecision>2</dataTypePrecision>
<ownDataTypeParameters>,,</ownDataTypeParameters>
<previousColumn>false</previousColumn>
<autoIncrementCycle>false</autoIncrementCycle>
<associations>
<colAssociation fkAssociation="6706C7EA-FE8E-060B-2B39-42A0AD4131D7" referredColumn="2D5483D9-7F59-EE29-4C99-E4216CBDBDEC"/>
</associations>
</Column>
<Column name="train_vet_completion" id="5C50F5BE-3C68-505C-E461-25B4461D460F">
<createdBy>huangsirui</createdBy>
<createdTime>2023-09-14 01:56:40 UTC</createdTime>
<commentInRDBMS><![CDATA[completion of the vet training:Y(yes)/N(no)]]></commentInRDBMS>
<generatorID>0094F14C-2D88-5A1C-D91C-F87D50896132</generatorID>
<ownerDesignName>pf_oraclemodel</ownerDesignName>
<useDomainConstraints>false</useDomainConstraints>
<use>1</use>
<logicalDatatype>LOGDT025</logicalDatatype>
<dataTypeSize>1</dataTypeSize>
<listOfValues>
<valueDef value="N" description="no"/>
<valueDef value="Y" description="yes"/>
</listOfValues>
<ownDataTypeParameters>1,,</ownDataTypeParameters>
<autoIncrementCycle>false</autoIncrementCycle>
</Column>
<Column name="train_vet_expiry" id="16844437-9516-9136-D752-FF0B1F48BFBF">
<createdBy>huangsirui</createdBy>
<createdTime>2023-09-14 01:56:40 UTC</createdTime>
<commentInRDBMS><![CDATA[expiry date of vet training]]></commentInRDBMS>
<generatorID>6B49D551-FA58-8502-88E9-BB7F40CFFA76</generatorID>
<ownerDesignName>pf_oraclemodel</ownerDesignName>
<useDomainConstraints>false</useDomainConstraints>
<use>1</use>
<logicalDatatype>LOGDT007</logicalDatatype>
<ownDataTypeParameters>,,</ownDataTypeParameters>
<autoIncrementCycle>false</autoIncrementCycle>
</Column>
</columns>
<indexes itemClass="oracle.dbtools.crest.model.design.relational.Index">
<ind_PK_UK id="D9047FA0-1E24-351E-29E3-4D952E77859E" name="TRAIN_VET_PK">
<createdBy>huangsirui</createdBy>
<createdTime>2023-09-14 01:56:40 UTC</createdTime>
<generatorID>9FB37CCE-3980-6220-6397-C9AC70ED4E28</generatorID>
<ownerDesignName>pf_oraclemodel</ownerDesignName>
<pk>true</pk>
<indexState>Primary Constraint</indexState>
<isSurrogateKey>false</isSurrogateKey>
<indexColumnUsage>
<colUsage columnID="39325EE7-3AC7-BA0A-CBAB-7C19C909C130"/>
<colUsage columnID="2631FFB3-2AC6-642A-794B-66EDFBF698A0"/>
</indexColumnUsage>
</ind_PK_UK>
<ind_PK_UK id="F5D5046A-DC85-2A6B-0160-6B6ACBAD2CCF" name="VET_TRAININGv2">
<createdBy>huangsirui</createdBy>
<createdTime>2023-09-14 01:56:40 UTC</createdTime>
<generatorID>5470C153-006F-6395-07AC-9717DF067725</generatorID>
<ownerDesignName>pf_oraclemodel</ownerDesignName>
<indexState>Foreign Key</indexState>
<isSurrogateKey>false</isSurrogateKey>
<indexColumnUsage>
<colUsage columnID="2631FFB3-2AC6-642A-794B-66EDFBF698A0"/>
</indexColumnUsage>
</ind_PK_UK>
<ind_PK_UK id="5E010E78-3B55-F881-DEDE-0FDB26BE17A4" name="VET2_TRAIN">
<createdBy>huangsirui</createdBy>
<createdTime>2023-09-14 01:56:40 UTC</createdTime>
<generatorID>18F237DD-171A-04EC-DFDB-4D4232C21C62</generatorID>
<ownerDesignName>pf_oraclemodel</ownerDesignName>
<indexState>Foreign Key</indexState>
<isSurrogateKey>false</isSurrogateKey>
<indexColumnUsage>
<colUsage columnID="39325EE7-3AC7-BA0A-CBAB-7C19C909C130"/>
</indexColumnUsage>
</ind_PK_UK>
</indexes>
</Table>
