<?xml version = '1.0' encoding = 'UTF-8'?>
<Entity class="oracle.dbtools.crest.model.design.logical.Entity" directorySegmentName="seg_0" id="0F4472D2-B1CC-45AD-251C-B22E4B01A54A" name="VISIT">
<createdBy>nidhi</createdBy>
<createdTime>2023-09-11 08:11:38 UTC</createdTime>
<ownerDesignName>pf_oraclemodel</ownerDesignName>
<engineerTo>
<item key="F0D5BC67-A73D-A5E7-5136-7CF41FDB6EBD" value="true"/>
</engineerTo>
<adequatelyNormalized>NO</adequatelyNormalized>
<expectedVolumes>0</expectedVolumes>
<fwdEngineeringStrategyName>Single Table</fwdEngineeringStrategyName>
<growthPercent>0</growthPercent>
<growthType>Year</growthType>
<maxVolumes>9999999</maxVolumes>
<minVolumes>0</minVolumes>
<normalForm>Third</normalForm>
<attributes itemClass="oracle.dbtools.crest.model.design.logical.Attribute">
<Attribute name="visit_id" id="BF2E77AC-D989-CD85-9296-2DB96C9860BD">
<createdBy>huangsirui</createdBy>
<createdTime>2023-09-11 13:49:01 UTC</createdTime>
<commentInRDBMS><![CDATA[the id number of the visit — surrogate key]]></commentInRDBMS>
<ownerDesignName>pf_oraclemodel</ownerDesignName>
<engineerTo>
<item key="F0D5BC67-A73D-A5E7-5136-7CF41FDB6EBD" value="true"/>
</engineerTo>
<useDomainConstraints>false</useDomainConstraints>
<use>1</use>
<logicalDatatype>LOGDT019</logicalDatatype>
<dataTypePrecision>10</dataTypePrecision>
<ownDataTypeParameters>,10,</ownDataTypeParameters>
</Attribute>
<Attribute name="vet_id" id="C9168E0D-6745-A75E-5D7A-5F6D282BA752">
<createdBy>huangsirui</createdBy>
<createdTime>2023-09-11 13:34:46 UTC</createdTime>
<commentInRDBMS><![CDATA[the vet id number]]></commentInRDBMS>
<generatorID>A246A1AB-26BB-E7A9-6E12-C414AFBA6112</generatorID>
<ownerDesignName>pf_oraclemodel</ownerDesignName>
<engineerTo>
<item key="F0D5BC67-A73D-A5E7-5136-7CF41FDB6EBD" value="true"/>
</engineerTo>
<referedAttribute>BFC8D9A5-FE23-0EE8-9D4B-0D6BFE4EB15C</referedAttribute>
<useDomainConstraints>false</useDomainConstraints>
<use>1</use>
<logicalDatatype>LOGDT019</logicalDatatype>
<dataTypePrecision>2</dataTypePrecision>
<ownDataTypeParameters>,2,</ownDataTypeParameters>
</Attribute>
<Attribute name="visit_date_time" id="BD2F54B3-A54B-9F0F-C6FE-F1A5518CB98F">
<createdBy>nidhi</createdBy>
<createdTime>2023-09-11 08:13:17 UTC</createdTime>
<commentInRDBMS><![CDATA[date and time of the visit]]></commentInRDBMS>
<ownerDesignName>pf_oraclemodel</ownerDesignName>
<engineerTo>
<item key="F0D5BC67-A73D-A5E7-5136-7CF41FDB6EBD" value="true"/>
</engineerTo>
<useDomainConstraints>false</useDomainConstraints>
<use>1</use>
<logicalDatatype>LOGDT007</logicalDatatype>
<ownDataTypeParameters>,,</ownDataTypeParameters>
</Attribute>
<Attribute name="visit_pet_weight" id="76CF7AD2-002C-3506-E91E-5024E41AB17F">
<createdBy>nidhi</createdBy>
<createdTime>2023-09-11 08:14:18 UTC</createdTime>
<commentInRDBMS><![CDATA[weight of the pet during visit]]></commentInRDBMS>
<ownerDesignName>pf_oraclemodel</ownerDesignName>
<engineerTo>
<item key="F0D5BC67-A73D-A5E7-5136-7CF41FDB6EBD" value="true"/>
</engineerTo>
<useDomainConstraints>false</useDomainConstraints>
<use>1</use>
<logicalDatatype>LOGDT019</logicalDatatype>
<dataTypePrecision>3</dataTypePrecision>
<dataTypeScale>2</dataTypeScale>
<ownDataTypeParameters>,3,2</ownDataTypeParameters>
</Attribute>
<Attribute name="visit_length" id="A7929CAB-26F2-DA4C-D5E8-3592F3B80AC5">
<createdBy>nidhi</createdBy>
<createdTime>2023-09-11 08:17:04 UTC</createdTime>
<commentInRDBMS><![CDATA[length of the visit]]></commentInRDBMS>
<ownerDesignName>pf_oraclemodel</ownerDesignName>
<engineerTo>
<item key="F0D5BC67-A73D-A5E7-5136-7CF41FDB6EBD" value="true"/>
</engineerTo>
<useDomainConstraints>false</useDomainConstraints>
<use>1</use>
<logicalDatatype>LOGDT019</logicalDatatype>
<dataTypePrecision>2</dataTypePrecision>
<dataTypeScale>2</dataTypeScale>
<ownDataTypeParameters>,2,2</ownDataTypeParameters>
</Attribute>
<Attribute name="visit_notes" id="37E95A0D-BEE8-C324-17B5-8718E6214836">
<createdBy>nidhi</createdBy>
<createdTime>2023-09-11 08:19:26 UTC</createdTime>
<commentInRDBMS><![CDATA[notes taken by vet during the visit]]></commentInRDBMS>
<ownerDesignName>pf_oraclemodel</ownerDesignName>
<engineerTo>
<item key="F0D5BC67-A73D-A5E7-5136-7CF41FDB6EBD" value="true"/>
</engineerTo>
<useDomainConstraints>false</useDomainConstraints>
<use>1</use>
<logicalDatatype>LOGDT024</logicalDatatype>
<dataTypeSize>50</dataTypeSize>
<ownDataTypeParameters>50,,</ownDataTypeParameters>
</Attribute>
<Attribute name="visit_total_amount" id="31AB30E3-1688-9C31-FCA0-8F78A18F911A">
<createdBy>nidhi</createdBy>
<createdTime>2023-09-12 06:30:30 UTC</createdTime>
<commentInRDBMS><![CDATA[amount charged per visit]]></commentInRDBMS>
<ownerDesignName>pf_oraclemodel</ownerDesignName>
<engineerTo>
<item key="F0D5BC67-A73D-A5E7-5136-7CF41FDB6EBD" value="true"/>
</engineerTo>
<useDomainConstraints>false</useDomainConstraints>
<use>1</use>
<logicalDatatype>LOGDT019</logicalDatatype>
<dataTypePrecision>5</dataTypePrecision>
<dataTypeScale>2</dataTypeScale>
<ownDataTypeParameters>,5,2</ownDataTypeParameters>
</Attribute>
<Attribute name="visit_payment_type" id="67F4EF57-C446-C5DE-EA5F-2A745689F1D2">
<createdBy>nidhi</createdBy>
<createdTime>2023-09-12 06:31:53 UTC</createdTime>
<commentInRDBMS><![CDATA[type of payment during visit: C(CASH)/E(EFT)]]></commentInRDBMS>
<ownerDesignName>pf_oraclemodel</ownerDesignName>
<engineerTo>
<item key="F0D5BC67-A73D-A5E7-5136-7CF41FDB6EBD" value="true"/>
</engineerTo>
<useDomainConstraints>false</useDomainConstraints>
<use>1</use>
<logicalDatatype>LOGDT025</logicalDatatype>
<dataTypeSize>1</dataTypeSize>
<listOfValues>
<valueDef value="C" description="CASH"/>
<valueDef value="E" description="EFT"/>
</listOfValues>
<ownDataTypeParameters>1,,</ownDataTypeParameters>
</Attribute>
<Attribute name="clinic_id" id="B1D7EA8F-1C6D-0CF8-FB98-26755FAFCB91">
<createdBy>huangsirui</createdBy>
<createdTime>2023-09-11 13:26:27 UTC</createdTime>
<commentInRDBMS><![CDATA[the clinic id number]]></commentInRDBMS>
<generatorID>2B8CB46B-8F7A-9D45-CA06-FFBF9A8087D4</generatorID>
<ownerDesignName>pf_oraclemodel</ownerDesignName>
<engineerTo>
<item key="F0D5BC67-A73D-A5E7-5136-7CF41FDB6EBD" value="true"/>
</engineerTo>
<referedAttribute>485127F5-3937-CB17-D023-6C7D37D456E6</referedAttribute>
<useDomainConstraints>false</useDomainConstraints>
<use>1</use>
<logicalDatatype>LOGDT019</logicalDatatype>
<dataTypePrecision>2</dataTypePrecision>
<ownDataTypeParameters>,,</ownDataTypeParameters>
</Attribute>
<Attribute name="first_visit_id" id="1C0CBD94-EE40-2FF5-39C9-2CA663151E19">
<createdBy>huangsirui</createdBy>
<createdTime>2023-09-11 13:52:12 UTC</createdTime>
<commentInRDBMS><![CDATA[the id number of the visit — surrogate key]]></commentInRDBMS>
<generatorID>2C7525E6-ED3F-7076-A66A-42746AF3AB5D</generatorID>
<ownerDesignName>pf_oraclemodel</ownerDesignName>
<engineerTo>
<item key="F0D5BC67-A73D-A5E7-5136-7CF41FDB6EBD" value="true"/>
</engineerTo>
<nullsAllowed>true</nullsAllowed>
<referedAttribute>BF2E77AC-D989-CD85-9296-2DB96C9860BD</referedAttribute>
<useDomainConstraints>false</useDomainConstraints>
<use>1</use>
<logicalDatatype>LOGDT019</logicalDatatype>
<dataTypePrecision>10</dataTypePrecision>
<ownDataTypeParameters>,10,</ownDataTypeParameters>
</Attribute>
<Attribute name="pet_id" id="3E1F12DB-066F-8944-6C0E-7D1DB8D64CCD">
<createdBy>huangsirui</createdBy>
<createdTime>2023-09-11 13:57:03 UTC</createdTime>
<commentInRDBMS><![CDATA[the pet id number]]></commentInRDBMS>
<generatorID>A5BD3989-77F5-B1BF-41E3-8F5B222DD269</generatorID>
<ownerDesignName>pf_oraclemodel</ownerDesignName>
<engineerTo>
<item key="F0D5BC67-A73D-A5E7-5136-7CF41FDB6EBD" value="true"/>
</engineerTo>
<referedAttribute>8598B68E-88CC-C499-498A-77BB4D5C6322</referedAttribute>
<useDomainConstraints>false</useDomainConstraints>
<use>1</use>
<logicalDatatype>LOGDT019</logicalDatatype>
<dataTypePrecision>5</dataTypePrecision>
<ownDataTypeParameters>,5,</ownDataTypeParameters>
</Attribute>
</attributes>
<identifiers itemClass="oracle.dbtools.crest.model.design.logical.CandidateKey">
<identifier id="E74C5820-B57C-7C18-02BB-9B4B19667566" name="VISIT PK">
<createdBy>nidhi</createdBy>
<createdTime>2023-09-11 08:12:47 UTC</createdTime>
<ownerDesignName>pf_oraclemodel</ownerDesignName>
<engineerTo>
<item key="F0D5BC67-A73D-A5E7-5136-7CF41FDB6EBD" value="true"/>
</engineerTo>
<pk>true</pk>
<usedAttributes>
<attributeRef>BF2E77AC-D989-CD85-9296-2DB96C9860BD</attributeRef>
</usedAttributes>
</identifier>
<identifier id="A8E9E083-B256-0528-6999-570B51D880A0" name="VISIT UK">
<createdBy>huangsirui</createdBy>
<createdTime>2023-09-11 13:46:31 UTC</createdTime>
<ownerDesignName>pf_oraclemodel</ownerDesignName>
<engineerTo>
<item key="F0D5BC67-A73D-A5E7-5136-7CF41FDB6EBD" value="true"/>
</engineerTo>
<newElementsIDs>C9168E0D-6745-A75E-5D7A-5F6D282BA752,BD2F54B3-A54B-9F0F-C6FE-F1A5518CB98F</newElementsIDs>
<usedAttributes>
<attributeRef>C9168E0D-6745-A75E-5D7A-5F6D282BA752</attributeRef>
<attributeRef>BD2F54B3-A54B-9F0F-C6FE-F1A5518CB98F</attributeRef>
</usedAttributes>
</identifier>
</identifiers>
</Entity>
