<?xml version = '1.0' encoding = 'UTF-8'?>
<Entity class="oracle.dbtools.crest.model.design.logical.Entity" directorySegmentName="seg_0" id="2471E679-060D-9848-424A-1CB6EDDAA886" name="VISIT_SERVICE">
<createdBy>nidhi</createdBy>
<createdTime>2023-09-12 06:44:19 UTC</createdTime>
<ownerDesignName>pf_oraclemodel</ownerDesignName>
<engineerTo>
<item key="F0D5BC67-A73D-A5E7-5136-7CF41FDB6EBD" value="true"/>
</engineerTo>
<adequatelyNormalized>NO</adequatelyNormalized>
<expectedVolumes>0</expectedVolumes>
<fwdEngineeringStrategyName>Single Table</fwdEngineeringStrategyName>
<growthPercent>0</growthPercent>
<growthType>Year</growthType>
<maxVolumes>9999999</maxVolumes>
<minVolumes>0</minVolumes>
<normalForm>Third</normalForm>
<attributes itemClass="oracle.dbtools.crest.model.design.logical.Attribute">
<Attribute name="service_code" id="22BD0B20-2D44-FFF3-A44A-1103BE168E85">
<createdBy>nidhi</createdBy>
<createdTime>2023-09-12 06:46:37 UTC</createdTime>
<commentInRDBMS><![CDATA[service code number of the visit service]]></commentInRDBMS>
<generatorID>E37928F7-8FF7-0BCF-3608-33F07E3B3C13</generatorID>
<ownerDesignName>pf_oraclemodel</ownerDesignName>
<engineerTo>
<item key="F0D5BC67-A73D-A5E7-5136-7CF41FDB6EBD" value="true"/>
</engineerTo>
<referedAttribute>0CCD63AE-5CB9-C9BD-C95E-3A6B6F472DB9</referedAttribute>
<useDomainConstraints>false</useDomainConstraints>
<use>1</use>
<logicalDatatype>LOGDT025</logicalDatatype>
<dataTypeSize>5</dataTypeSize>
<ownDataTypeParameters>,,</ownDataTypeParameters>
</Attribute>
<Attribute name="visit_id" id="67A739EC-527F-A349-DF8F-2E520F7CEC01">
<createdBy>nidhi</createdBy>
<createdTime>2023-09-12 06:48:50 UTC</createdTime>
<commentInRDBMS><![CDATA[the id number of the visit — surrogate key]]></commentInRDBMS>
<generatorID>1C3A861C-976F-487F-6025-0FD4F9DC079C</generatorID>
<ownerDesignName>pf_oraclemodel</ownerDesignName>
<engineerTo>
<item key="F0D5BC67-A73D-A5E7-5136-7CF41FDB6EBD" value="true"/>
</engineerTo>
<referedAttribute>BF2E77AC-D989-CD85-9296-2DB96C9860BD</referedAttribute>
<useDomainConstraints>false</useDomainConstraints>
<use>1</use>
<logicalDatatype>LOGDT019</logicalDatatype>
<dataTypePrecision>10</dataTypePrecision>
<ownDataTypeParameters>,,</ownDataTypeParameters>
</Attribute>
<Attribute name="visit_service_linecost" id="EEFA496F-C2F3-E47F-DDB9-7FF29288F37D">
<createdBy>nidhi</createdBy>
<createdTime>2023-09-12 06:44:30 UTC</createdTime>
<commentInRDBMS><![CDATA[line cost of service during visit]]></commentInRDBMS>
<ownerDesignName>pf_oraclemodel</ownerDesignName>
<engineerTo>
<item key="F0D5BC67-A73D-A5E7-5136-7CF41FDB6EBD" value="true"/>
</engineerTo>
<useDomainConstraints>false</useDomainConstraints>
<use>1</use>
<logicalDatatype>LOGDT019</logicalDatatype>
<dataTypePrecision>5</dataTypePrecision>
<dataTypeScale>2</dataTypeScale>
<ownDataTypeParameters>,5,2</ownDataTypeParameters>
</Attribute>
</attributes>
<identifiers itemClass="oracle.dbtools.crest.model.design.logical.CandidateKey">
<identifier id="B66DF630-CBB6-95D6-8E47-C01115CF47AF" name="VISIT_SERVICE PK">
<createdBy>nidhi</createdBy>
<createdTime>2023-09-12 06:46:37 UTC</createdTime>
<ownerDesignName>pf_oraclemodel</ownerDesignName>
<engineerTo>
<item key="F0D5BC67-A73D-A5E7-5136-7CF41FDB6EBD" value="true"/>
</engineerTo>
<pk>true</pk>
<usedAttributes>
<attributeRef>22BD0B20-2D44-FFF3-A44A-1103BE168E85</attributeRef>
<attributeRef>67A739EC-527F-A349-DF8F-2E520F7CEC01</attributeRef>
</usedAttributes>
</identifier>
</identifiers>
</Entity>
