<?xml version = '1.0' encoding = 'UTF-8'?>
<Entity class="oracle.dbtools.crest.model.design.logical.Entity" directorySegmentName="seg_0" id="3405AF2F-B6C5-A9DB-2D1B-65DB9C1E9923" name="PET">
<createdBy>huangsirui</createdBy>
<createdTime>2023-09-08 04:58:50 UTC</createdTime>
<ownerDesignName>pf_oraclemodel</ownerDesignName>
<engineerTo>
<item key="F0D5BC67-A73D-A5E7-5136-7CF41FDB6EBD" value="true"/>
</engineerTo>
<adequatelyNormalized>NO</adequatelyNormalized>
<expectedVolumes>0</expectedVolumes>
<fwdEngineeringStrategyName>Single Table</fwdEngineeringStrategyName>
<growthPercent>0</growthPercent>
<growthType>Year</growthType>
<maxVolumes>9999999</maxVolumes>
<minVolumes>0</minVolumes>
<normalForm>Third</normalForm>
<attributes itemClass="oracle.dbtools.crest.model.design.logical.Attribute">
<Attribute name="pet_id" id="8598B68E-88CC-C499-498A-77BB4D5C6322">
<createdBy>huangsirui</createdBy>
<createdTime>2023-09-08 04:59:04 UTC</createdTime>
<commentInRDBMS><![CDATA[the pet id number]]></commentInRDBMS>
<ownerDesignName>pf_oraclemodel</ownerDesignName>
<engineerTo>
<item key="F0D5BC67-A73D-A5E7-5136-7CF41FDB6EBD" value="true"/>
</engineerTo>
<useDomainConstraints>false</useDomainConstraints>
<use>1</use>
<logicalDatatype>LOGDT019</logicalDatatype>
<dataTypePrecision>5</dataTypePrecision>
<ownDataTypeParameters>,5,</ownDataTypeParameters>
</Attribute>
<Attribute name="pet_name" id="3D93F0A1-864C-20A7-8BE6-874BE72475AA">
<createdBy>huangsirui</createdBy>
<createdTime>2023-09-08 04:59:22 UTC</createdTime>
<commentInRDBMS><![CDATA[the pet name]]></commentInRDBMS>
<ownerDesignName>pf_oraclemodel</ownerDesignName>
<engineerTo>
<item key="F0D5BC67-A73D-A5E7-5136-7CF41FDB6EBD" value="true"/>
</engineerTo>
<useDomainConstraints>false</useDomainConstraints>
<use>1</use>
<logicalDatatype>LOGDT024</logicalDatatype>
<dataTypeSize>20</dataTypeSize>
<ownDataTypeParameters>20,,</ownDataTypeParameters>
</Attribute>
<Attribute name="pet_born_year" id="626019A3-C1DD-C265-AE6C-7C4E1661A099">
<createdBy>huangsirui</createdBy>
<createdTime>2023-09-08 04:59:40 UTC</createdTime>
<commentInRDBMS><![CDATA[the born year of the pet]]></commentInRDBMS>
<ownerDesignName>pf_oraclemodel</ownerDesignName>
<engineerTo>
<item key="F0D5BC67-A73D-A5E7-5136-7CF41FDB6EBD" value="true"/>
</engineerTo>
<useDomainConstraints>false</useDomainConstraints>
<use>1</use>
<logicalDatatype>LOGDT007</logicalDatatype>
<ownDataTypeParameters>,,</ownDataTypeParameters>
</Attribute>
<Attribute name="pet_status" id="AC54EB7C-D13F-B1EA-06B5-212F8549B66D">
<createdBy>mesh</createdBy>
<createdTime>2023-09-12 08:31:23 UTC</createdTime>
<commentInRDBMS><![CDATA[pet status if the pet is alive of dead :(Y/yes) (N/no)]]></commentInRDBMS>
<ownerDesignName>pf_oraclemodel</ownerDesignName>
<engineerTo>
<item key="F0D5BC67-A73D-A5E7-5136-7CF41FDB6EBD" value="true"/>
</engineerTo>
<useDomainConstraints>false</useDomainConstraints>
<use>1</use>
<logicalDatatype>LOGDT025</logicalDatatype>
<dataTypeSize>1</dataTypeSize>
<listOfValues>
<valueDef value="N" description="no"/>
<valueDef value="Y" description="yes"/>
</listOfValues>
<ownDataTypeParameters>1,,</ownDataTypeParameters>
</Attribute>
<Attribute name="owner_id" id="98367153-3EE7-1909-5E7C-88039768BD03">
<createdBy>huangsirui</createdBy>
<createdTime>2023-09-11 13:58:59 UTC</createdTime>
<commentInRDBMS><![CDATA[the owner id number]]></commentInRDBMS>
<generatorID>4B4B0942-FBA9-109B-395F-304853DEA61B</generatorID>
<ownerDesignName>pf_oraclemodel</ownerDesignName>
<engineerTo>
<item key="F0D5BC67-A73D-A5E7-5136-7CF41FDB6EBD" value="true"/>
</engineerTo>
<referedAttribute>5D143565-C833-63C6-D59B-5809C3E778A8</referedAttribute>
<useDomainConstraints>false</useDomainConstraints>
<use>1</use>
<logicalDatatype>LOGDT019</logicalDatatype>
<dataTypePrecision>3</dataTypePrecision>
<ownDataTypeParameters>,,</ownDataTypeParameters>
</Attribute>
<Attribute name="pet_type_id" id="AADB7284-CE6A-734C-4562-4732119F0D77">
<createdBy>mesh</createdBy>
<createdTime>2023-09-12 08:48:48 UTC</createdTime>
<commentInRDBMS><![CDATA[pet type id number ]]></commentInRDBMS>
<generatorID>A158982F-8E2D-B3EA-1713-FBAD3823BAA3</generatorID>
<ownerDesignName>pf_oraclemodel</ownerDesignName>
<engineerTo>
<item key="F0D5BC67-A73D-A5E7-5136-7CF41FDB6EBD" value="true"/>
</engineerTo>
<referedAttribute>CD537C83-EDC7-E1C7-E933-192A5DA6EED8</referedAttribute>
<useDomainConstraints>false</useDomainConstraints>
<use>1</use>
<logicalDatatype>LOGDT019</logicalDatatype>
<dataTypePrecision>3</dataTypePrecision>
<ownDataTypeParameters>,,</ownDataTypeParameters>
</Attribute>
</attributes>
<identifiers itemClass="oracle.dbtools.crest.model.design.logical.CandidateKey">
<identifier id="37B0366D-3D6F-F2EA-BBD0-5A3915DE68F6" name="PET PK">
<createdBy>huangsirui</createdBy>
<createdTime>2023-09-08 04:59:20 UTC</createdTime>
<ownerDesignName>pf_oraclemodel</ownerDesignName>
<engineerTo>
<item key="F0D5BC67-A73D-A5E7-5136-7CF41FDB6EBD" value="true"/>
</engineerTo>
<pk>true</pk>
<usedAttributes>
<attributeRef>8598B68E-88CC-C499-498A-77BB4D5C6322</attributeRef>
</usedAttributes>
</identifier>
</identifiers>
</Entity>
