<?xml version = '1.0' encoding = 'UTF-8'?>
<Entity class="oracle.dbtools.crest.model.design.logical.Entity" directorySegmentName="seg_0" id="5182910D-FCF2-FCB4-7839-AC19BFE6352D" name="SERVICE">
<createdBy>nidhi</createdBy>
<createdTime>2023-09-12 06:40:13 UTC</createdTime>
<ownerDesignName>pf_oraclemodel</ownerDesignName>
<engineerTo>
<item key="F0D5BC67-A73D-A5E7-5136-7CF41FDB6EBD" value="true"/>
</engineerTo>
<adequatelyNormalized>NO</adequatelyNormalized>
<expectedVolumes>0</expectedVolumes>
<fwdEngineeringStrategyName>Single Table</fwdEngineeringStrategyName>
<growthPercent>0</growthPercent>
<growthType>Year</growthType>
<maxVolumes>9999999</maxVolumes>
<minVolumes>0</minVolumes>
<normalForm>Third</normalForm>
<attributes itemClass="oracle.dbtools.crest.model.design.logical.Attribute">
<Attribute name="service_code" id="0CCD63AE-5CB9-C9BD-C95E-3A6B6F472DB9">
<createdBy>nidhi</createdBy>
<createdTime>2023-09-12 06:40:24 UTC</createdTime>
<commentInRDBMS><![CDATA[service code number of the visit service]]></commentInRDBMS>
<ownerDesignName>pf_oraclemodel</ownerDesignName>
<engineerTo>
<item key="F0D5BC67-A73D-A5E7-5136-7CF41FDB6EBD" value="true"/>
</engineerTo>
<useDomainConstraints>false</useDomainConstraints>
<use>1</use>
<logicalDatatype>LOGDT025</logicalDatatype>
<dataTypeSize>5</dataTypeSize>
<ownDataTypeParameters>5,,</ownDataTypeParameters>
</Attribute>
<Attribute name="service_description" id="53A057F2-021B-6735-D069-D19EA0C40F60">
<createdBy>nidhi</createdBy>
<createdTime>2023-09-12 06:41:43 UTC</createdTime>
<commentInRDBMS><![CDATA[description of the service during visit]]></commentInRDBMS>
<ownerDesignName>pf_oraclemodel</ownerDesignName>
<engineerTo>
<item key="F0D5BC67-A73D-A5E7-5136-7CF41FDB6EBD" value="true"/>
</engineerTo>
<useDomainConstraints>false</useDomainConstraints>
<use>1</use>
<logicalDatatype>LOGDT024</logicalDatatype>
<dataTypeSize>100</dataTypeSize>
<ownDataTypeParameters>100,,</ownDataTypeParameters>
</Attribute>
<Attribute name="service_standard_charge" id="7F86F3BE-D63C-F3CA-46E4-8ED2E063A9AD">
<createdBy>mesh</createdBy>
<createdTime>2023-09-12 08:30:22 UTC</createdTime>
<commentInRDBMS><![CDATA[the standard charge of the service ]]></commentInRDBMS>
<ownerDesignName>pf_oraclemodel</ownerDesignName>
<engineerTo>
<item key="F0D5BC67-A73D-A5E7-5136-7CF41FDB6EBD" value="true"/>
</engineerTo>
<useDomainConstraints>false</useDomainConstraints>
<use>1</use>
<logicalDatatype>LOGDT019</logicalDatatype>
<dataTypePrecision>5</dataTypePrecision>
<dataTypeScale>2</dataTypeScale>
<ownDataTypeParameters>,5,2</ownDataTypeParameters>
</Attribute>
</attributes>
<identifiers itemClass="oracle.dbtools.crest.model.design.logical.CandidateKey">
<identifier id="4E287A25-AE7D-6241-E379-B07D9B81A67A" name="VISIT_SERVICE PK">
<createdBy>nidhi</createdBy>
<createdTime>2023-09-12 06:41:15 UTC</createdTime>
<ownerDesignName>pf_oraclemodel</ownerDesignName>
<engineerTo>
<item key="F0D5BC67-A73D-A5E7-5136-7CF41FDB6EBD" value="true"/>
</engineerTo>
<pk>true</pk>
<usedAttributes>
<attributeRef>0CCD63AE-5CB9-C9BD-C95E-3A6B6F472DB9</attributeRef>
</usedAttributes>
</identifier>
</identifiers>
</Entity>
