<?xml version = '1.0' encoding = 'UTF-8'?>
<Entity class="oracle.dbtools.crest.model.design.logical.Entity" directorySegmentName="seg_0" id="5865C74F-84DF-303F-1DDD-185290950A28" name="SPECIALISATION">
<createdBy>mesh</createdBy>
<createdTime>2023-09-12 08:34:21 UTC</createdTime>
<ownerDesignName>pf_oraclemodel</ownerDesignName>
<engineerTo>
<item key="F0D5BC67-A73D-A5E7-5136-7CF41FDB6EBD" value="true"/>
</engineerTo>
<adequatelyNormalized>NO</adequatelyNormalized>
<expectedVolumes>0</expectedVolumes>
<fwdEngineeringStrategyName>Single Table</fwdEngineeringStrategyName>
<growthPercent>0</growthPercent>
<growthType>Year</growthType>
<maxVolumes>9999999</maxVolumes>
<minVolumes>0</minVolumes>
<normalForm>Third</normalForm>
<attributes itemClass="oracle.dbtools.crest.model.design.logical.Attribute">
<Attribute name="spec_id" id="2CBB38C0-1B26-E3C3-F5AD-2C0DBCB33599">
<createdBy>mesh</createdBy>
<createdTime>2023-09-12 08:35:47 UTC</createdTime>
<commentInRDBMS><![CDATA[SPECIALIZATION vet id number ]]></commentInRDBMS>
<ownerDesignName>pf_oraclemodel</ownerDesignName>
<engineerTo>
<item key="F0D5BC67-A73D-A5E7-5136-7CF41FDB6EBD" value="true"/>
</engineerTo>
<useDomainConstraints>false</useDomainConstraints>
<use>1</use>
<logicalDatatype>LOGDT019</logicalDatatype>
<dataTypePrecision>4</dataTypePrecision>
<ownDataTypeParameters>,4,</ownDataTypeParameters>
</Attribute>
<Attribute name="spec_name " id="2CA7BDB0-D055-D50E-B027-30246138C04A">
<createdBy>mesh</createdBy>
<createdTime>2023-09-12 08:37:19 UTC</createdTime>
<commentInRDBMS><![CDATA[SPECIALIZATION vet name]]></commentInRDBMS>
<ownerDesignName>pf_oraclemodel</ownerDesignName>
<engineerTo>
<item key="F0D5BC67-A73D-A5E7-5136-7CF41FDB6EBD" value="true"/>
</engineerTo>
<useDomainConstraints>false</useDomainConstraints>
<use>1</use>
<logicalDatatype>LOGDT025</logicalDatatype>
<dataTypeSize>50</dataTypeSize>
<ownDataTypeParameters>50,,</ownDataTypeParameters>
</Attribute>
<Attribute name="spec _description" id="8FF86850-6138-CC97-83CD-967479393319">
<createdBy>mesh</createdBy>
<createdTime>2023-09-12 08:37:53 UTC</createdTime>
<commentInRDBMS><![CDATA[vet SPECIALIZATION descripton ]]></commentInRDBMS>
<ownerDesignName>pf_oraclemodel</ownerDesignName>
<engineerTo>
<item key="F0D5BC67-A73D-A5E7-5136-7CF41FDB6EBD" value="true"/>
</engineerTo>
<useDomainConstraints>false</useDomainConstraints>
<use>1</use>
<logicalDatatype>LOGDT024</logicalDatatype>
<dataTypeSize>100</dataTypeSize>
<ownDataTypeParameters>100,,</ownDataTypeParameters>
</Attribute>
</attributes>
<identifiers itemClass="oracle.dbtools.crest.model.design.logical.CandidateKey">
<identifier id="3417E94A-DD6B-1882-D6A1-FEB504F1B722" name="SPECIALIZATION PK">
<createdBy>mesh</createdBy>
<createdTime>2023-09-12 08:37:01 UTC</createdTime>
<ownerDesignName>pf_oraclemodel</ownerDesignName>
<engineerTo>
<item key="F0D5BC67-A73D-A5E7-5136-7CF41FDB6EBD" value="true"/>
</engineerTo>
<pk>true</pk>
<usedAttributes>
<attributeRef>2CBB38C0-1B26-E3C3-F5AD-2C0DBCB33599</attributeRef>
</usedAttributes>
</identifier>
</identifiers>
</Entity>
