<?xml version = '1.0' encoding = 'UTF-8'?>
<Entity class="oracle.dbtools.crest.model.design.logical.Entity" directorySegmentName="seg_0" id="654C2B53-ED8A-632A-5EBC-83C296177050" name="TRAINING">
<createdBy>nidhi</createdBy>
<createdTime>2023-09-11 07:45:12 UTC</createdTime>
<ownerDesignName>pf_oraclemodel</ownerDesignName>
<engineerTo>
<item key="F0D5BC67-A73D-A5E7-5136-7CF41FDB6EBD" value="true"/>
</engineerTo>
<adequatelyNormalized>NO</adequatelyNormalized>
<expectedVolumes>0</expectedVolumes>
<fwdEngineeringStrategyName>Single Table</fwdEngineeringStrategyName>
<growthPercent>0</growthPercent>
<growthType>Year</growthType>
<maxVolumes>9999999</maxVolumes>
<minVolumes>0</minVolumes>
<normalForm>Third</normalForm>
<attributes itemClass="oracle.dbtools.crest.model.design.logical.Attribute">
<Attribute name="train_id" id="EC74075C-C9B3-8B5D-19A4-39FAA8C2E8A3">
<createdBy>nidhi</createdBy>
<createdTime>2023-09-12 05:59:29 UTC</createdTime>
<commentInRDBMS><![CDATA[id number of training]]></commentInRDBMS>
<ownerDesignName>pf_oraclemodel</ownerDesignName>
<engineerTo>
<item key="F0D5BC67-A73D-A5E7-5136-7CF41FDB6EBD" value="true"/>
</engineerTo>
<useDomainConstraints>false</useDomainConstraints>
<use>1</use>
<logicalDatatype>LOGDT019</logicalDatatype>
<dataTypePrecision>3</dataTypePrecision>
<ownDataTypeParameters>,3,</ownDataTypeParameters>
</Attribute>
<Attribute name="vet_id" id="55CD93A3-6574-9F0D-C4FC-E19934DF40DB">
<createdBy>huangsirui</createdBy>
<createdTime>2023-09-11 13:31:02 UTC</createdTime>
<commentInRDBMS><![CDATA[the vet id number]]></commentInRDBMS>
<generatorID>A199C9B0-10D9-94FD-786C-71B803386F92</generatorID>
<ownerDesignName>pf_oraclemodel</ownerDesignName>
<engineerTo>
<item key="F0D5BC67-A73D-A5E7-5136-7CF41FDB6EBD" value="true"/>
</engineerTo>
<referedAttribute>BFC8D9A5-FE23-0EE8-9D4B-0D6BFE4EB15C</referedAttribute>
<useDomainConstraints>false</useDomainConstraints>
<use>1</use>
<logicalDatatype>LOGDT019</logicalDatatype>
<dataTypePrecision>2</dataTypePrecision>
<ownDataTypeParameters>,,</ownDataTypeParameters>
</Attribute>
<Attribute name="train_date_time" id="658EFD3F-B078-947E-AD29-8D4E35C47EB8">
<createdBy>nidhi</createdBy>
<createdTime>2023-09-11 07:47:04 UTC</createdTime>
<commentInRDBMS><![CDATA[the training date and time]]></commentInRDBMS>
<ownerDesignName>pf_oraclemodel</ownerDesignName>
<engineerTo>
<item key="F0D5BC67-A73D-A5E7-5136-7CF41FDB6EBD" value="true"/>
</engineerTo>
<useDomainConstraints>false</useDomainConstraints>
<use>1</use>
<logicalDatatype>LOGDT007</logicalDatatype>
<ownDataTypeParameters>,,</ownDataTypeParameters>
</Attribute>
<Attribute name="train_course_name" id="991D8E99-4B64-7A11-B44E-635EB2B248FC">
<createdBy>nidhi</createdBy>
<createdTime>2023-09-11 07:51:41 UTC</createdTime>
<commentInRDBMS><![CDATA[the training course name]]></commentInRDBMS>
<ownerDesignName>pf_oraclemodel</ownerDesignName>
<engineerTo>
<item key="F0D5BC67-A73D-A5E7-5136-7CF41FDB6EBD" value="true"/>
</engineerTo>
<nullsAllowed>true</nullsAllowed>
<useDomainConstraints>false</useDomainConstraints>
<use>1</use>
<logicalDatatype>LOGDT024</logicalDatatype>
<dataTypeSize>40</dataTypeSize>
<ownDataTypeParameters>40,,</ownDataTypeParameters>
</Attribute>
<Attribute name="train_duration" id="FDB3197E-DAB8-EBC4-C7BC-91493A4663F6">
<createdBy>nidhi</createdBy>
<createdTime>2023-09-11 08:00:32 UTC</createdTime>
<commentInRDBMS><![CDATA[the training duration]]></commentInRDBMS>
<ownerDesignName>pf_oraclemodel</ownerDesignName>
<engineerTo>
<item key="F0D5BC67-A73D-A5E7-5136-7CF41FDB6EBD" value="true"/>
</engineerTo>
<nullsAllowed>true</nullsAllowed>
<useDomainConstraints>false</useDomainConstraints>
<use>1</use>
<logicalDatatype>LOGDT019</logicalDatatype>
<dataTypePrecision>2</dataTypePrecision>
<ownDataTypeParameters>,2,</ownDataTypeParameters>
</Attribute>
<Attribute name="train_title" id="8C4B6E3B-F0EC-AE0A-B2AB-0FF1F85CD73E">
<createdBy>nidhi</createdBy>
<createdTime>2023-09-12 05:57:35 UTC</createdTime>
<commentInRDBMS><![CDATA[the training title]]></commentInRDBMS>
<ownerDesignName>pf_oraclemodel</ownerDesignName>
<engineerTo>
<item key="F0D5BC67-A73D-A5E7-5136-7CF41FDB6EBD" value="true"/>
</engineerTo>
<useDomainConstraints>false</useDomainConstraints>
<use>1</use>
<logicalDatatype>LOGDT024</logicalDatatype>
<dataTypeSize>50</dataTypeSize>
<ownDataTypeParameters>50,,</ownDataTypeParameters>
</Attribute>
<Attribute name="clinic_id" id="02AA1288-4DDC-23A1-8A49-4CC0C55BC17D">
<createdBy>huangsirui</createdBy>
<createdTime>2023-09-11 13:08:38 UTC</createdTime>
<commentInRDBMS><![CDATA[the clinic id number]]></commentInRDBMS>
<generatorID>C0E62A9A-0F66-BEE9-5255-0687BB54967B</generatorID>
<ownerDesignName>pf_oraclemodel</ownerDesignName>
<engineerTo>
<item key="F0D5BC67-A73D-A5E7-5136-7CF41FDB6EBD" value="true"/>
</engineerTo>
<referedAttribute>485127F5-3937-CB17-D023-6C7D37D456E6</referedAttribute>
<useDomainConstraints>false</useDomainConstraints>
<use>1</use>
<logicalDatatype>LOGDT019</logicalDatatype>
<dataTypePrecision>2</dataTypePrecision>
<ownDataTypeParameters>,,</ownDataTypeParameters>
</Attribute>
</attributes>
<identifiers itemClass="oracle.dbtools.crest.model.design.logical.CandidateKey">
<identifier id="4C0DA927-0EFA-A9BE-57FD-C320AABEEA66" name="TRAINING PK">
<createdBy>nidhi</createdBy>
<createdTime>2023-09-11 07:46:56 UTC</createdTime>
<ownerDesignName>pf_oraclemodel</ownerDesignName>
<engineerTo>
<item key="F0D5BC67-A73D-A5E7-5136-7CF41FDB6EBD" value="true"/>
</engineerTo>
<pk>true</pk>
<usedAttributes>
<attributeRef>EC74075C-C9B3-8B5D-19A4-39FAA8C2E8A3</attributeRef>
</usedAttributes>
</identifier>
<identifier id="8D7C0CBC-97A8-907C-31B1-66FC36E76CF7" name="TRAINING_UK">
<createdBy>nidhi</createdBy>
<createdTime>2023-09-12 06:05:40 UTC</createdTime>
<ownerDesignName>pf_oraclemodel</ownerDesignName>
<engineerTo>
<item key="F0D5BC67-A73D-A5E7-5136-7CF41FDB6EBD" value="true"/>
</engineerTo>
<newElementsIDs>55CD93A3-6574-9F0D-C4FC-E19934DF40DB,658EFD3F-B078-947E-AD29-8D4E35C47EB8</newElementsIDs>
<usedAttributes>
<attributeRef>55CD93A3-6574-9F0D-C4FC-E19934DF40DB</attributeRef>
<attributeRef>658EFD3F-B078-947E-AD29-8D4E35C47EB8</attributeRef>
</usedAttributes>
</identifier>
</identifiers>
</Entity>
