<?xml version = '1.0' encoding = 'UTF-8'?>
<Entity class="oracle.dbtools.crest.model.design.logical.Entity" directorySegmentName="seg_0" id="6DC76BC1-B778-2CA5-04F2-D9F324A3602F" name="DRUG">
<createdBy>huangsirui</createdBy>
<createdTime>2023-09-08 05:02:06 UTC</createdTime>
<ownerDesignName>pf_oraclemodel</ownerDesignName>
<engineerTo>
<item key="F0D5BC67-A73D-A5E7-5136-7CF41FDB6EBD" value="true"/>
</engineerTo>
<adequatelyNormalized>NO</adequatelyNormalized>
<expectedVolumes>0</expectedVolumes>
<fwdEngineeringStrategyName>Single Table</fwdEngineeringStrategyName>
<growthPercent>0</growthPercent>
<growthType>Year</growthType>
<maxVolumes>9999999</maxVolumes>
<minVolumes>0</minVolumes>
<normalForm>Third</normalForm>
<attributes itemClass="oracle.dbtools.crest.model.design.logical.Attribute">
<Attribute name="drug_id" id="CB4B8977-4B27-B803-7136-D88E4D0ADB7A">
<createdBy>huangsirui</createdBy>
<createdTime>2023-09-08 05:02:36 UTC</createdTime>
<commentInRDBMS><![CDATA[the drug id number]]></commentInRDBMS>
<ownerDesignName>pf_oraclemodel</ownerDesignName>
<engineerTo>
<item key="F0D5BC67-A73D-A5E7-5136-7CF41FDB6EBD" value="true"/>
</engineerTo>
<useDomainConstraints>false</useDomainConstraints>
<use>1</use>
<logicalDatatype>LOGDT019</logicalDatatype>
<dataTypePrecision>3</dataTypePrecision>
<ownDataTypeParameters>,3,</ownDataTypeParameters>
</Attribute>
<Attribute name="drug_name" id="FF77ECCA-6B9B-EA12-02CC-64A920521F14">
<createdBy>huangsirui</createdBy>
<createdTime>2023-09-08 05:03:20 UTC</createdTime>
<commentInRDBMS><![CDATA[the drug name]]></commentInRDBMS>
<ownerDesignName>pf_oraclemodel</ownerDesignName>
<engineerTo>
<item key="F0D5BC67-A73D-A5E7-5136-7CF41FDB6EBD" value="true"/>
</engineerTo>
<useDomainConstraints>false</useDomainConstraints>
<use>1</use>
<logicalDatatype>LOGDT024</logicalDatatype>
<dataTypeSize>40</dataTypeSize>
<ownDataTypeParameters>40,,</ownDataTypeParameters>
</Attribute>
<Attribute name="drug_instruction" id="04145672-58EE-65FA-379A-67D5A5EDD33C">
<createdBy>huangsirui</createdBy>
<createdTime>2023-09-08 05:03:46 UTC</createdTime>
<commentInRDBMS><![CDATA[the instructions of the drug]]></commentInRDBMS>
<ownerDesignName>pf_oraclemodel</ownerDesignName>
<engineerTo>
<item key="F0D5BC67-A73D-A5E7-5136-7CF41FDB6EBD" value="true"/>
</engineerTo>
<useDomainConstraints>false</useDomainConstraints>
<use>1</use>
<logicalDatatype>LOGDT024</logicalDatatype>
<dataTypeSize>100</dataTypeSize>
<ownDataTypeParameters>100,,</ownDataTypeParameters>
</Attribute>
<Attribute name="drug_standard_charge" id="3004FC1B-2781-E09C-51A2-FA3E3B7F6661">
<createdBy>mesh</createdBy>
<createdTime>2023-09-12 08:29:08 UTC</createdTime>
<comment><![CDATA[ ]]></comment>
<commentInRDBMS><![CDATA[the standard charge of the drug]]></commentInRDBMS>
<ownerDesignName>pf_oraclemodel</ownerDesignName>
<engineerTo>
<item key="F0D5BC67-A73D-A5E7-5136-7CF41FDB6EBD" value="true"/>
</engineerTo>
<useDomainConstraints>false</useDomainConstraints>
<use>1</use>
<logicalDatatype>LOGDT019</logicalDatatype>
<dataTypePrecision>5</dataTypePrecision>
<dataTypeScale>2</dataTypeScale>
<ownDataTypeParameters>,5,2</ownDataTypeParameters>
</Attribute>
</attributes>
<identifiers itemClass="oracle.dbtools.crest.model.design.logical.CandidateKey">
<identifier id="EDBFFF8B-8FE7-D3D9-60D1-C4DD1C8C17AD" name="DRUG PK">
<createdBy>huangsirui</createdBy>
<createdTime>2023-09-08 05:02:50 UTC</createdTime>
<ownerDesignName>pf_oraclemodel</ownerDesignName>
<engineerTo>
<item key="F0D5BC67-A73D-A5E7-5136-7CF41FDB6EBD" value="true"/>
</engineerTo>
<pk>true</pk>
<usedAttributes>
<attributeRef>CB4B8977-4B27-B803-7136-D88E4D0ADB7A</attributeRef>
</usedAttributes>
</identifier>
</identifiers>
</Entity>
