<?xml version = '1.0' encoding = 'UTF-8'?>
<Entity class="oracle.dbtools.crest.model.design.logical.Entity" directorySegmentName="seg_0" id="93B147B8-4EFC-3105-AC6D-D07C5B2A7676" name="VET">
<createdBy>huangsirui</createdBy>
<createdTime>2023-09-08 04:45:36 UTC</createdTime>
<ownerDesignName>pf_oraclemodel</ownerDesignName>
<engineerTo>
<item key="F0D5BC67-A73D-A5E7-5136-7CF41FDB6EBD" value="true"/>
</engineerTo>
<adequatelyNormalized>NO</adequatelyNormalized>
<expectedVolumes>0</expectedVolumes>
<fwdEngineeringStrategyName>Single Table</fwdEngineeringStrategyName>
<growthPercent>0</growthPercent>
<growthType>Year</growthType>
<maxVolumes>9999999</maxVolumes>
<minVolumes>0</minVolumes>
<normalForm>Third</normalForm>
<attributes itemClass="oracle.dbtools.crest.model.design.logical.Attribute">
<Attribute name="vet_id" id="BFC8D9A5-FE23-0EE8-9D4B-0D6BFE4EB15C">
<createdBy>huangsirui</createdBy>
<createdTime>2023-09-08 04:45:42 UTC</createdTime>
<commentInRDBMS><![CDATA[the vet id number]]></commentInRDBMS>
<ownerDesignName>pf_oraclemodel</ownerDesignName>
<engineerTo>
<item key="F0D5BC67-A73D-A5E7-5136-7CF41FDB6EBD" value="true"/>
</engineerTo>
<useDomainConstraints>false</useDomainConstraints>
<use>1</use>
<logicalDatatype>LOGDT019</logicalDatatype>
<dataTypePrecision>2</dataTypePrecision>
<ownDataTypeParameters>,2,</ownDataTypeParameters>
</Attribute>
<Attribute name="vet_giv_name" id="0873459B-27D0-3871-ED32-57BB7977D13C">
<createdBy>huangsirui</createdBy>
<createdTime>2023-09-08 04:46:53 UTC</createdTime>
<commentInRDBMS><![CDATA[the given name of the vet]]></commentInRDBMS>
<ownerDesignName>pf_oraclemodel</ownerDesignName>
<engineerTo>
<item key="F0D5BC67-A73D-A5E7-5136-7CF41FDB6EBD" value="true"/>
</engineerTo>
<nullsAllowed>true</nullsAllowed>
<useDomainConstraints>false</useDomainConstraints>
<use>1</use>
<logicalDatatype>LOGDT024</logicalDatatype>
<dataTypeSize>30</dataTypeSize>
<ownDataTypeParameters>30,,</ownDataTypeParameters>
</Attribute>
<Attribute name="vet_fam_name" id="931A2D77-F093-A207-C36A-A9E9ABF8DB61">
<createdBy>huangsirui</createdBy>
<createdTime>2023-09-08 04:47:33 UTC</createdTime>
<commentInRDBMS><![CDATA[the family name of the vet]]></commentInRDBMS>
<ownerDesignName>pf_oraclemodel</ownerDesignName>
<engineerTo>
<item key="F0D5BC67-A73D-A5E7-5136-7CF41FDB6EBD" value="true"/>
</engineerTo>
<nullsAllowed>true</nullsAllowed>
<useDomainConstraints>false</useDomainConstraints>
<use>1</use>
<logicalDatatype>LOGDT024</logicalDatatype>
<dataTypeSize>30</dataTypeSize>
<ownDataTypeParameters>30,,</ownDataTypeParameters>
</Attribute>
<Attribute name="vet_phone_no" id="88592F8C-92F0-C952-FE28-1A50C9A5A6FF">
<createdBy>huangsirui</createdBy>
<createdTime>2023-09-08 04:48:25 UTC</createdTime>
<commentInRDBMS><![CDATA[the phone number of the vet]]></commentInRDBMS>
<ownerDesignName>pf_oraclemodel</ownerDesignName>
<engineerTo>
<item key="F0D5BC67-A73D-A5E7-5136-7CF41FDB6EBD" value="true"/>
</engineerTo>
<useDomainConstraints>false</useDomainConstraints>
<use>1</use>
<logicalDatatype>LOGDT019</logicalDatatype>
<dataTypePrecision>10</dataTypePrecision>
<ownDataTypeParameters>,10,</ownDataTypeParameters>
</Attribute>
<Attribute name="vet_employed_date" id="3E37D4E9-E91F-DBEF-02F4-75D016FA18E7">
<createdBy>huangsirui</createdBy>
<createdTime>2023-09-08 04:50:07 UTC</createdTime>
<commentInRDBMS><![CDATA[the date when the vet got employed]]></commentInRDBMS>
<ownerDesignName>pf_oraclemodel</ownerDesignName>
<engineerTo>
<item key="F0D5BC67-A73D-A5E7-5136-7CF41FDB6EBD" value="true"/>
</engineerTo>
<useDomainConstraints>false</useDomainConstraints>
<use>1</use>
<logicalDatatype>LOGDT007</logicalDatatype>
<ownDataTypeParameters>,,</ownDataTypeParameters>
</Attribute>
<Attribute name="clinic_id" id="D5875CFA-BEAC-CB58-273F-F1D7855A96BD">
<createdBy>huangsirui</createdBy>
<createdTime>2023-09-11 13:11:42 UTC</createdTime>
<commentInRDBMS><![CDATA[the clinic id number]]></commentInRDBMS>
<generatorID>108B5D2B-39F2-3875-9246-B4FB0C9099AD</generatorID>
<ownerDesignName>pf_oraclemodel</ownerDesignName>
<engineerTo>
<item key="F0D5BC67-A73D-A5E7-5136-7CF41FDB6EBD" value="true"/>
</engineerTo>
<referedAttribute>485127F5-3937-CB17-D023-6C7D37D456E6</referedAttribute>
<useDomainConstraints>false</useDomainConstraints>
<use>1</use>
<logicalDatatype>LOGDT019</logicalDatatype>
<dataTypePrecision>2</dataTypePrecision>
<ownDataTypeParameters>,2,</ownDataTypeParameters>
</Attribute>
<Attribute name="spec_id" id="6832BC84-B80D-5DC3-D52F-67B13285F392">
<createdBy>mesh</createdBy>
<createdTime>2023-09-12 08:44:26 UTC</createdTime>
<commentInRDBMS><![CDATA[SPECIALIZATION vet id number ]]></commentInRDBMS>
<generatorID>846AB982-FCDE-6407-0663-DBDB7B3FADD0</generatorID>
<ownerDesignName>pf_oraclemodel</ownerDesignName>
<engineerTo>
<item key="F0D5BC67-A73D-A5E7-5136-7CF41FDB6EBD" value="true"/>
</engineerTo>
<referedAttribute>2CBB38C0-1B26-E3C3-F5AD-2C0DBCB33599</referedAttribute>
<useDomainConstraints>false</useDomainConstraints>
<use>1</use>
<logicalDatatype>LOGDT019</logicalDatatype>
<dataTypePrecision>4</dataTypePrecision>
<ownDataTypeParameters>,4,</ownDataTypeParameters>
</Attribute>
</attributes>
<identifiers itemClass="oracle.dbtools.crest.model.design.logical.CandidateKey">
<identifier id="E5814643-26F5-BD23-50BF-4CC0CBD80142" name="VET PK">
<createdBy>huangsirui</createdBy>
<createdTime>2023-09-08 04:46:13 UTC</createdTime>
<ownerDesignName>pf_oraclemodel</ownerDesignName>
<engineerTo>
<item key="F0D5BC67-A73D-A5E7-5136-7CF41FDB6EBD" value="true"/>
</engineerTo>
<pk>true</pk>
<usedAttributes>
<attributeRef>BFC8D9A5-FE23-0EE8-9D4B-0D6BFE4EB15C</attributeRef>
</usedAttributes>
</identifier>
</identifiers>
</Entity>
