<?xml version = '1.0' encoding = 'UTF-8'?>
<Entity class="oracle.dbtools.crest.model.design.logical.Entity" directorySegmentName="seg_0" id="A2CAE241-F4F2-7221-65F3-8DEB2AD3E604" name="TRAIN_VET">
<createdBy>nidhi</createdBy>
<createdTime>2023-09-12 06:07:39 UTC</createdTime>
<ownerDesignName>pf_oraclemodel</ownerDesignName>
<engineerTo>
<item key="F0D5BC67-A73D-A5E7-5136-7CF41FDB6EBD" value="true"/>
</engineerTo>
<adequatelyNormalized>NO</adequatelyNormalized>
<expectedVolumes>0</expectedVolumes>
<fwdEngineeringStrategyName>Single Table</fwdEngineeringStrategyName>
<growthPercent>0</growthPercent>
<growthType>Year</growthType>
<maxVolumes>9999999</maxVolumes>
<minVolumes>0</minVolumes>
<normalForm>Third</normalForm>
<attributes itemClass="oracle.dbtools.crest.model.design.logical.Attribute">
<Attribute name="train_id" id="58EE57A1-0952-0252-FE93-C1A5CC6B09D3">
<createdBy>nidhi</createdBy>
<createdTime>2023-09-12 06:27:49 UTC</createdTime>
<commentInRDBMS><![CDATA[id number of training]]></commentInRDBMS>
<generatorID>5470C153-006F-6395-07AC-9717DF067725</generatorID>
<ownerDesignName>pf_oraclemodel</ownerDesignName>
<engineerTo>
<item key="F0D5BC67-A73D-A5E7-5136-7CF41FDB6EBD" value="true"/>
</engineerTo>
<referedAttribute>EC74075C-C9B3-8B5D-19A4-39FAA8C2E8A3</referedAttribute>
<useDomainConstraints>false</useDomainConstraints>
<use>1</use>
<logicalDatatype>LOGDT019</logicalDatatype>
<dataTypePrecision>3</dataTypePrecision>
<ownDataTypeParameters>,,</ownDataTypeParameters>
</Attribute>
<Attribute name="vet_id" id="79CA7136-9E8D-FFE9-3B25-152DE03A3D1B">
<createdBy>nidhi</createdBy>
<createdTime>2023-09-12 06:25:29 UTC</createdTime>
<commentInRDBMS><![CDATA[the vet id number]]></commentInRDBMS>
<generatorID>18F237DD-171A-04EC-DFDB-4D4232C21C62</generatorID>
<ownerDesignName>pf_oraclemodel</ownerDesignName>
<engineerTo>
<item key="F0D5BC67-A73D-A5E7-5136-7CF41FDB6EBD" value="true"/>
</engineerTo>
<referedAttribute>BFC8D9A5-FE23-0EE8-9D4B-0D6BFE4EB15C</referedAttribute>
<useDomainConstraints>false</useDomainConstraints>
<use>1</use>
<logicalDatatype>LOGDT019</logicalDatatype>
<dataTypePrecision>2</dataTypePrecision>
<ownDataTypeParameters>,,</ownDataTypeParameters>
</Attribute>
<Attribute name="train_vet_completion" id="0094F14C-2D88-5A1C-D91C-F87D50896132">
<createdBy>nidhi</createdBy>
<createdTime>2023-09-12 06:10:53 UTC</createdTime>
<commentInRDBMS><![CDATA[completion of the vet training:Y(yes)/N(no)]]></commentInRDBMS>
<ownerDesignName>pf_oraclemodel</ownerDesignName>
<engineerTo>
<item key="F0D5BC67-A73D-A5E7-5136-7CF41FDB6EBD" value="true"/>
</engineerTo>
<useDomainConstraints>false</useDomainConstraints>
<use>1</use>
<logicalDatatype>LOGDT025</logicalDatatype>
<dataTypeSize>1</dataTypeSize>
<listOfValues>
<valueDef value="N" description="no"/>
<valueDef value="Y" description="yes"/>
</listOfValues>
<ownDataTypeParameters>1,,</ownDataTypeParameters>
</Attribute>
<Attribute name="train_vet_expiry" id="6B49D551-FA58-8502-88E9-BB7F40CFFA76">
<createdBy>nidhi</createdBy>
<createdTime>2023-09-12 06:13:53 UTC</createdTime>
<commentInRDBMS><![CDATA[expiry date of vet training]]></commentInRDBMS>
<ownerDesignName>pf_oraclemodel</ownerDesignName>
<engineerTo>
<item key="F0D5BC67-A73D-A5E7-5136-7CF41FDB6EBD" value="true"/>
</engineerTo>
<useDomainConstraints>false</useDomainConstraints>
<use>1</use>
<logicalDatatype>LOGDT007</logicalDatatype>
<ownDataTypeParameters>,,</ownDataTypeParameters>
</Attribute>
</attributes>
<identifiers itemClass="oracle.dbtools.crest.model.design.logical.CandidateKey">
<identifier id="9FB37CCE-3980-6220-6397-C9AC70ED4E28" name="TRAIN_VET PK">
<createdBy>nidhi</createdBy>
<createdTime>2023-09-12 06:27:24 UTC</createdTime>
<ownerDesignName>pf_oraclemodel</ownerDesignName>
<engineerTo>
<item key="F0D5BC67-A73D-A5E7-5136-7CF41FDB6EBD" value="true"/>
</engineerTo>
<pk>true</pk>
<usedAttributes>
<attributeRef>79CA7136-9E8D-FFE9-3B25-152DE03A3D1B</attributeRef>
<attributeRef>58EE57A1-0952-0252-FE93-C1A5CC6B09D3</attributeRef>
</usedAttributes>
</identifier>
</identifiers>
</Entity>
