<?xml version = '1.0' encoding = 'UTF-8'?>
<Entity class="oracle.dbtools.crest.model.design.logical.Entity" directorySegmentName="seg_0" id="DBA1394D-F796-BC51-8192-14A38BA6FDBD" name="PET_TYPE">
<createdBy>mesh</createdBy>
<createdTime>2023-09-12 08:46:32 UTC</createdTime>
<ownerDesignName>pf_oraclemodel</ownerDesignName>
<engineerTo>
<item key="F0D5BC67-A73D-A5E7-5136-7CF41FDB6EBD" value="true"/>
</engineerTo>
<adequatelyNormalized>NO</adequatelyNormalized>
<expectedVolumes>0</expectedVolumes>
<fwdEngineeringStrategyName>Single Table</fwdEngineeringStrategyName>
<growthPercent>0</growthPercent>
<growthType>Year</growthType>
<maxVolumes>9999999</maxVolumes>
<minVolumes>0</minVolumes>
<normalForm>Third</normalForm>
<attributes itemClass="oracle.dbtools.crest.model.design.logical.Attribute">
<Attribute name="pet_type_id" id="CD537C83-EDC7-E1C7-E933-192A5DA6EED8">
<createdBy>mesh</createdBy>
<createdTime>2023-09-12 08:46:41 UTC</createdTime>
<commentInRDBMS><![CDATA[pet type id number ]]></commentInRDBMS>
<ownerDesignName>pf_oraclemodel</ownerDesignName>
<engineerTo>
<item key="F0D5BC67-A73D-A5E7-5136-7CF41FDB6EBD" value="true"/>
</engineerTo>
<useDomainConstraints>false</useDomainConstraints>
<use>1</use>
<logicalDatatype>LOGDT019</logicalDatatype>
<dataTypePrecision>3</dataTypePrecision>
<ownDataTypeParameters>,3,</ownDataTypeParameters>
</Attribute>
<Attribute name="pet_type_name " id="D3BF8EBE-706B-F644-C150-7AC0CDCEE5EF">
<createdBy>mesh</createdBy>
<createdTime>2023-09-12 08:47:23 UTC</createdTime>
<commentInRDBMS><![CDATA[the type name of the pet ]]></commentInRDBMS>
<ownerDesignName>pf_oraclemodel</ownerDesignName>
<engineerTo>
<item key="F0D5BC67-A73D-A5E7-5136-7CF41FDB6EBD" value="true"/>
</engineerTo>
<useDomainConstraints>false</useDomainConstraints>
<use>1</use>
<logicalDatatype>LOGDT024</logicalDatatype>
<dataTypeSize>50</dataTypeSize>
<ownDataTypeParameters>50,,</ownDataTypeParameters>
</Attribute>
<Attribute name="pet_type_description" id="5DD4D5B2-E208-19E2-D947-6513BF8FD49D">
<createdBy>mesh</createdBy>
<createdTime>2023-09-12 08:47:54 UTC</createdTime>
<commentInRDBMS><![CDATA[the description of the pet type ]]></commentInRDBMS>
<ownerDesignName>pf_oraclemodel</ownerDesignName>
<engineerTo>
<item key="F0D5BC67-A73D-A5E7-5136-7CF41FDB6EBD" value="true"/>
</engineerTo>
<useDomainConstraints>false</useDomainConstraints>
<use>1</use>
<logicalDatatype>LOGDT024</logicalDatatype>
<dataTypeSize>100</dataTypeSize>
<ownDataTypeParameters>100,,</ownDataTypeParameters>
</Attribute>
</attributes>
<identifiers itemClass="oracle.dbtools.crest.model.design.logical.CandidateKey">
<identifier id="688040B7-679B-474D-D0A6-1D704DF4245A" name="PET_TYPE PK">
<createdBy>mesh</createdBy>
<createdTime>2023-09-12 08:47:13 UTC</createdTime>
<ownerDesignName>pf_oraclemodel</ownerDesignName>
<engineerTo>
<item key="F0D5BC67-A73D-A5E7-5136-7CF41FDB6EBD" value="true"/>
</engineerTo>
<pk>true</pk>
<usedAttributes>
<attributeRef>CD537C83-EDC7-E1C7-E933-192A5DA6EED8</attributeRef>
</usedAttributes>
</identifier>
</identifiers>
</Entity>
