<?xml version = '1.0' encoding = 'UTF-8'?>
<Entity class="oracle.dbtools.crest.model.design.logical.Entity" directorySegmentName="seg_0" id="DDBB43ED-984B-C9BE-6C2A-2C7D2D92F08B" name="VISIT_DRUG">
<createdBy>nidhi</createdBy>
<createdTime>2023-09-11 08:24:13 UTC</createdTime>
<ownerDesignName>pf_oraclemodel</ownerDesignName>
<engineerTo>
<item key="F0D5BC67-A73D-A5E7-5136-7CF41FDB6EBD" value="true"/>
</engineerTo>
<adequatelyNormalized>NO</adequatelyNormalized>
<expectedVolumes>0</expectedVolumes>
<fwdEngineeringStrategyName>Single Table</fwdEngineeringStrategyName>
<growthPercent>0</growthPercent>
<growthType>Year</growthType>
<maxVolumes>9999999</maxVolumes>
<minVolumes>0</minVolumes>
<normalForm>Third</normalForm>
<attributes itemClass="oracle.dbtools.crest.model.design.logical.Attribute">
<Attribute name="drug_id" id="73944FC2-7D44-6F5A-8CB9-C9FF18CAD7CA">
<createdBy>huangsirui</createdBy>
<createdTime>2023-09-11 14:03:14 UTC</createdTime>
<commentInRDBMS><![CDATA[the drug id number]]></commentInRDBMS>
<generatorID>1A85272C-9404-4F08-9E57-D4457200ED60</generatorID>
<ownerDesignName>pf_oraclemodel</ownerDesignName>
<engineerTo>
<item key="F0D5BC67-A73D-A5E7-5136-7CF41FDB6EBD" value="true"/>
</engineerTo>
<referedAttribute>CB4B8977-4B27-B803-7136-D88E4D0ADB7A</referedAttribute>
<useDomainConstraints>false</useDomainConstraints>
<use>1</use>
<logicalDatatype>LOGDT019</logicalDatatype>
<dataTypePrecision>3</dataTypePrecision>
<ownDataTypeParameters>,,</ownDataTypeParameters>
</Attribute>
<Attribute name="visit_id" id="BA447C78-C08C-6F12-58C4-00028A69A97B">
<createdBy>huangsirui</createdBy>
<createdTime>2023-09-11 14:00:31 UTC</createdTime>
<commentInRDBMS><![CDATA[the id number of the visit — surrogate key]]></commentInRDBMS>
<generatorID>7FB26122-F066-8FEA-BB6B-C1866B3C5BEA</generatorID>
<ownerDesignName>pf_oraclemodel</ownerDesignName>
<engineerTo>
<item key="F0D5BC67-A73D-A5E7-5136-7CF41FDB6EBD" value="true"/>
</engineerTo>
<referedAttribute>BF2E77AC-D989-CD85-9296-2DB96C9860BD</referedAttribute>
<useDomainConstraints>false</useDomainConstraints>
<use>1</use>
<logicalDatatype>LOGDT019</logicalDatatype>
<dataTypePrecision>10</dataTypePrecision>
<ownDataTypeParameters>,,</ownDataTypeParameters>
</Attribute>
<Attribute name="visit_drug_dose" id="0A1A998A-76AB-D1BF-1071-A0A19FF854E4">
<createdBy>nidhi</createdBy>
<createdTime>2023-09-11 08:31:13 UTC</createdTime>
<commentInRDBMS><![CDATA[the prescribed drug dosage]]></commentInRDBMS>
<ownerDesignName>pf_oraclemodel</ownerDesignName>
<engineerTo>
<item key="F0D5BC67-A73D-A5E7-5136-7CF41FDB6EBD" value="true"/>
</engineerTo>
<useDomainConstraints>false</useDomainConstraints>
<use>1</use>
<logicalDatatype>LOGDT019</logicalDatatype>
<dataTypePrecision>4</dataTypePrecision>
<ownDataTypeParameters>,4,</ownDataTypeParameters>
</Attribute>
<Attribute name="visit_drug_frequency" id="04A0AF19-1583-9619-082D-BE3E6D96F36C">
<createdBy>nidhi</createdBy>
<createdTime>2023-09-11 08:32:48 UTC</createdTime>
<commentInRDBMS><![CDATA[the frequency of drugs prescribed]]></commentInRDBMS>
<ownerDesignName>pf_oraclemodel</ownerDesignName>
<engineerTo>
<item key="F0D5BC67-A73D-A5E7-5136-7CF41FDB6EBD" value="true"/>
</engineerTo>
<useDomainConstraints>false</useDomainConstraints>
<use>1</use>
<logicalDatatype>LOGDT024</logicalDatatype>
<dataTypeSize>50</dataTypeSize>
<ownDataTypeParameters>50,,</ownDataTypeParameters>
</Attribute>
<Attribute name="visit_drug_qtysup" id="90B8687E-0746-57A1-9983-1913E97DA936">
<createdBy>nidhi</createdBy>
<createdTime>2023-09-12 06:51:28 UTC</createdTime>
<commentInRDBMS><![CDATA[quantity of drug supplied]]></commentInRDBMS>
<ownerDesignName>pf_oraclemodel</ownerDesignName>
<engineerTo>
<item key="F0D5BC67-A73D-A5E7-5136-7CF41FDB6EBD" value="true"/>
</engineerTo>
<useDomainConstraints>false</useDomainConstraints>
<use>1</use>
<logicalDatatype>LOGDT019</logicalDatatype>
<dataTypePrecision>3</dataTypePrecision>
<ownDataTypeParameters>,3,</ownDataTypeParameters>
</Attribute>
<Attribute name="visit_drug_linecost" id="D8A62B56-88AB-1C7C-D5C0-240B0F5AB118">
<createdBy>nidhi</createdBy>
<createdTime>2023-09-12 06:52:45 UTC</createdTime>
<commentInRDBMS><![CDATA[line cost during the visit for drugs]]></commentInRDBMS>
<ownerDesignName>pf_oraclemodel</ownerDesignName>
<engineerTo>
<item key="F0D5BC67-A73D-A5E7-5136-7CF41FDB6EBD" value="true"/>
</engineerTo>
<useDomainConstraints>false</useDomainConstraints>
<use>1</use>
<logicalDatatype>LOGDT019</logicalDatatype>
<dataTypePrecision>5</dataTypePrecision>
<dataTypeScale>2</dataTypeScale>
<ownDataTypeParameters>,5,2</ownDataTypeParameters>
</Attribute>
</attributes>
<identifiers itemClass="oracle.dbtools.crest.model.design.logical.CandidateKey">
<identifier id="6AAD4D8C-0B82-B86F-3B7E-04E73694445F" name="VISIT_DRUG PK">
<createdBy>nidhi</createdBy>
<createdTime>2023-09-11 08:25:04 UTC</createdTime>
<ownerDesignName>pf_oraclemodel</ownerDesignName>
<engineerTo>
<item key="F0D5BC67-A73D-A5E7-5136-7CF41FDB6EBD" value="true"/>
</engineerTo>
<pk>true</pk>
<usedAttributes>
<attributeRef>BA447C78-C08C-6F12-58C4-00028A69A97B</attributeRef>
<attributeRef>73944FC2-7D44-6F5A-8CB9-C9FF18CAD7CA</attributeRef>
</usedAttributes>
</identifier>
</identifiers>
</Entity>
