<?xml version = '1.0' encoding = 'UTF-8'?>
<Relation class="oracle.dbtools.crest.model.design.logical.Relation" name="VET_CLINIC" directorySegmentName="seg_0" id="0D493AF2-80B0-F1FB-3F98-4DD5EC78E72B">
<createdBy>huangsirui</createdBy>
<createdTime>2023-09-11 13:15:57 UTC</createdTime>
<ownerDesignName>pf_oraclemodel</ownerDesignName>
<engineerTo>
<item key="F0D5BC67-A73D-A5E7-5136-7CF41FDB6EBD" value="true"/>
</engineerTo>
<sourcePk>8BDCCB12-16FB-1A5C-AACC-7C5BEA2B9457</sourcePk>
<targetPk>E5814643-26F5-BD23-50BF-4CC0CBD80142</targetPk>
<identifying>false</identifying>
<nameOnSource> heads of</nameOnSource>
<nameOnTarget> </nameOnTarget>
<optionalSource>false</optionalSource>
<optionalTarget>true</optionalTarget>
<sourceCardinality>1</sourceCardinality>
<sourceEntity>97EFB7D2-A0AE-6BE1-38B1-2C6F58E746EC</sourceEntity>
<targetCardinalityString>1</targetCardinalityString>
<targetEntity>93B147B8-4EFC-3105-AC6D-D07C5B2A7676</targetEntity>
<transferable>true</transferable>
<deleteRule>NO ACTION</deleteRule>
</Relation>
