<?xml version = '1.0' encoding = 'UTF-8'?>
<Relation class="oracle.dbtools.crest.model.design.logical.Relation" name="CLINIC_VET" directorySegmentName="seg_0" id="108B5D2B-39F2-3875-9246-B4FB0C9099AD">
<createdBy>huangsirui</createdBy>
<createdTime>2023-09-11 13:11:42 UTC</createdTime>
<ownerDesignName>pf_oraclemodel</ownerDesignName>
<engineerTo>
<item key="F0D5BC67-A73D-A5E7-5136-7CF41FDB6EBD" value="true"/>
</engineerTo>
<sourcePk>8BDCCB12-16FB-1A5C-AACC-7C5BEA2B9457</sourcePk>
<identifying>false</identifying>
<nameOnSource> </nameOnSource>
<nameOnTarget>assigned</nameOnTarget>
<optionalSource>false</optionalSource>
<optionalTarget>false</optionalTarget>
<sourceCardinality>1</sourceCardinality>
<sourceEntity>97EFB7D2-A0AE-6BE1-38B1-2C6F58E746EC</sourceEntity>
<targetCardinalityString>*</targetCardinalityString>
<targetEntity>93B147B8-4EFC-3105-AC6D-D07C5B2A7676</targetEntity>
<transferable>true</transferable>
<deleteRule>NO ACTION</deleteRule>
</Relation>
