<?xml version = '1.0' encoding = 'UTF-8'?>
<Relation class="oracle.dbtools.crest.model.design.logical.Relation" name="VET2_TRAIN" directorySegmentName="seg_0" id="18F237DD-171A-04EC-DFDB-4D4232C21C62">
<createdBy>nidhi</createdBy>
<createdTime>2023-09-12 06:25:29 UTC</createdTime>
<ownerDesignName>pf_oraclemodel</ownerDesignName>
<engineerTo>
<item key="F0D5BC67-A73D-A5E7-5136-7CF41FDB6EBD" value="true"/>
</engineerTo>
<sourcePk>E5814643-26F5-BD23-50BF-4CC0CBD80142</sourcePk>
<identifying>true</identifying>
<nameOnSource>participates in</nameOnSource>
<nameOnTarget> </nameOnTarget>
<optionalSource>true</optionalSource>
<optionalTarget>false</optionalTarget>
<sourceCardinality>1</sourceCardinality>
<sourceEntity>93B147B8-4EFC-3105-AC6D-D07C5B2A7676</sourceEntity>
<targetCardinalityString>*</targetCardinalityString>
<targetEntity>A2CAE241-F4F2-7221-65F3-8DEB2AD3E604</targetEntity>
<transferable>true</transferable>
<deleteRule>NO ACTION</deleteRule>
</Relation>
