<?xml version = '1.0' encoding = 'UTF-8'?>
<Relation class="oracle.dbtools.crest.model.design.logical.Relation" name="VISIT_DRUG2" directorySegmentName="seg_0" id="1A85272C-9404-4F08-9E57-D4457200ED60">
<createdBy>huangsirui</createdBy>
<createdTime>2023-09-11 14:03:14 UTC</createdTime>
<ownerDesignName>pf_oraclemodel</ownerDesignName>
<engineerTo>
<item key="F0D5BC67-A73D-A5E7-5136-7CF41FDB6EBD" value="true"/>
</engineerTo>
<sourcePk>EDBFFF8B-8FE7-D3D9-60D1-C4DD1C8C17AD</sourcePk>
<identifying>true</identifying>
<nameOnSource>selects</nameOnSource>
<nameOnTarget> </nameOnTarget>
<optionalSource>true</optionalSource>
<optionalTarget>false</optionalTarget>
<sourceCardinality>1</sourceCardinality>
<sourceEntity>6DC76BC1-B778-2CA5-04F2-D9F324A3602F</sourceEntity>
<targetCardinalityString>*</targetCardinalityString>
<targetEntity>DDBB43ED-984B-C9BE-6C2A-2C7D2D92F08B</targetEntity>
<transferable>true</transferable>
<deleteRule>NO ACTION</deleteRule>
</Relation>
