<?xml version = '1.0' encoding = 'UTF-8'?>
<Relation class="oracle.dbtools.crest.model.design.logical.Relation" name="VISITSERVICETAKEN" directorySegmentName="seg_0" id="1C3A861C-976F-487F-6025-0FD4F9DC079C">
<createdBy>nidhi</createdBy>
<createdTime>2023-09-12 06:48:50 UTC</createdTime>
<ownerDesignName>pf_oraclemodel</ownerDesignName>
<engineerTo>
<item key="F0D5BC67-A73D-A5E7-5136-7CF41FDB6EBD" value="true"/>
</engineerTo>
<sourcePk>E74C5820-B57C-7C18-02BB-9B4B19667566</sourcePk>
<identifying>true</identifying>
<nameOnSource>charges</nameOnSource>
<nameOnTarget> </nameOnTarget>
<optionalSource>false</optionalSource>
<optionalTarget>false</optionalTarget>
<sourceCardinality>1</sourceCardinality>
<sourceEntity>0F4472D2-B1CC-45AD-251C-B22E4B01A54A</sourceEntity>
<targetCardinalityString>*</targetCardinalityString>
<targetEntity>2471E679-060D-9848-424A-1CB6EDDAA886</targetEntity>
<transferable>true</transferable>
<deleteRule>NO ACTION</deleteRule>
</Relation>
