<?xml version = '1.0' encoding = 'UTF-8'?>
<Relation class="oracle.dbtools.crest.model.design.logical.Relation" name="CLINIC_VISIT" directorySegmentName="seg_0" id="2B8CB46B-8F7A-9D45-CA06-FFBF9A8087D4">
<createdBy>huangsirui</createdBy>
<createdTime>2023-09-11 13:26:27 UTC</createdTime>
<ownerDesignName>pf_oraclemodel</ownerDesignName>
<engineerTo>
<item key="F0D5BC67-A73D-A5E7-5136-7CF41FDB6EBD" value="true"/>
</engineerTo>
<sourcePk>8BDCCB12-16FB-1A5C-AACC-7C5BEA2B9457</sourcePk>
<identifying>false</identifying>
<nameOnSource> </nameOnSource>
<nameOnTarget>occurs</nameOnTarget>
<optionalSource>true</optionalSource>
<optionalTarget>false</optionalTarget>
<sourceCardinality>1</sourceCardinality>
<sourceEntity>97EFB7D2-A0AE-6BE1-38B1-2C6F58E746EC</sourceEntity>
<targetCardinalityString>*</targetCardinalityString>
<targetEntity>0F4472D2-B1CC-45AD-251C-B22E4B01A54A</targetEntity>
<transferable>true</transferable>
<deleteRule>NO ACTION</deleteRule>
</Relation>
