<?xml version = '1.0' encoding = 'UTF-8'?>
<Relation class="oracle.dbtools.crest.model.design.logical.Relation" name="VISIT_VISIT" directorySegmentName="seg_0" id="2C7525E6-ED3F-7076-A66A-42746AF3AB5D">
<createdBy>huangsirui</createdBy>
<createdTime>2023-09-11 13:52:12 UTC</createdTime>
<ownerDesignName>pf_oraclemodel</ownerDesignName>
<engineerTo>
<item key="F0D5BC67-A73D-A5E7-5136-7CF41FDB6EBD" value="true"/>
</engineerTo>
<targetPk>E74C5820-B57C-7C18-02BB-9B4B19667566</targetPk>
<identifying>false</identifying>
<nameOnSource>requires</nameOnSource>
<nameOnTarget> </nameOnTarget>
<optionalSource>true</optionalSource>
<optionalTarget>true</optionalTarget>
<sourceCardinality>1</sourceCardinality>
<sourceEntity>0F4472D2-B1CC-45AD-251C-B22E4B01A54A</sourceEntity>
<targetCardinalityString>*</targetCardinalityString>
<targetEntity>0F4472D2-B1CC-45AD-251C-B22E4B01A54A</targetEntity>
<transferable>true</transferable>
<deleteRule>NO ACTION</deleteRule>
</Relation>
