<?xml version = '1.0' encoding = 'UTF-8'?>
<Relation class="oracle.dbtools.crest.model.design.logical.Relation" name="OWNER_PET" directorySegmentName="seg_0" id="4B4B0942-FBA9-109B-395F-304853DEA61B">
<createdBy>huangsirui</createdBy>
<createdTime>2023-09-11 13:58:59 UTC</createdTime>
<ownerDesignName>pf_oraclemodel</ownerDesignName>
<engineerTo>
<item key="F0D5BC67-A73D-A5E7-5136-7CF41FDB6EBD" value="true"/>
</engineerTo>
<sourcePk>591361F3-B5DB-E539-5E00-E33E6C3B50F7</sourcePk>
<identifying>false</identifying>
<nameOnSource>owned by</nameOnSource>
<nameOnTarget> </nameOnTarget>
<optionalSource>false</optionalSource>
<optionalTarget>false</optionalTarget>
<sourceCardinality>1</sourceCardinality>
<sourceEntity>2E82D699-D924-0FC5-2905-43D28781E335</sourceEntity>
<targetCardinalityString>*</targetCardinalityString>
<targetEntity>3405AF2F-B6C5-A9DB-2D1B-65DB9C1E9923</targetEntity>
<transferable>true</transferable>
<deleteRule>NO ACTION</deleteRule>
</Relation>
