<?xml version = '1.0' encoding = 'UTF-8'?>
<Relation class="oracle.dbtools.crest.model.design.logical.Relation" name="VET_TRAININGv2" directorySegmentName="seg_0" id="5470C153-006F-6395-07AC-9717DF067725">
<createdBy>nidhi</createdBy>
<createdTime>2023-09-12 06:27:49 UTC</createdTime>
<ownerDesignName>pf_oraclemodel</ownerDesignName>
<engineerTo>
<item key="F0D5BC67-A73D-A5E7-5136-7CF41FDB6EBD" value="true"/>
</engineerTo>
<sourcePk>4C0DA927-0EFA-A9BE-57FD-C320AABEEA66</sourcePk>
<identifying>true</identifying>
<nameOnSource>holds</nameOnSource>
<nameOnTarget> </nameOnTarget>
<optionalSource>true</optionalSource>
<optionalTarget>false</optionalTarget>
<sourceCardinality>1</sourceCardinality>
<sourceEntity>654C2B53-ED8A-632A-5EBC-83C296177050</sourceEntity>
<targetCardinalityString>*</targetCardinalityString>
<targetEntity>A2CAE241-F4F2-7221-65F3-8DEB2AD3E604</targetEntity>
<transferable>true</transferable>
<deleteRule>NO ACTION</deleteRule>
</Relation>
