<?xml version = '1.0' encoding = 'UTF-8'?>
<Relation class="oracle.dbtools.crest.model.design.logical.Relation" name="VISIT2_DRUG" directorySegmentName="seg_0" id="7FB26122-F066-8FEA-BB6B-C1866B3C5BEA">
<createdBy>huangsirui</createdBy>
<createdTime>2023-09-11 14:00:31 UTC</createdTime>
<ownerDesignName>pf_oraclemodel</ownerDesignName>
<engineerTo>
<item key="F0D5BC67-A73D-A5E7-5136-7CF41FDB6EBD" value="true"/>
</engineerTo>
<sourcePk>E74C5820-B57C-7C18-02BB-9B4B19667566</sourcePk>
<identifying>true</identifying>
<nameOnSource> </nameOnSource>
<nameOnTarget>prescribes</nameOnTarget>
<optionalSource>true</optionalSource>
<optionalTarget>false</optionalTarget>
<sourceCardinality>1</sourceCardinality>
<sourceEntity>0F4472D2-B1CC-45AD-251C-B22E4B01A54A</sourceEntity>
<targetCardinalityString>*</targetCardinalityString>
<targetEntity>DDBB43ED-984B-C9BE-6C2A-2C7D2D92F08B</targetEntity>
<transferable>true</transferable>
<deleteRule>NO ACTION</deleteRule>
</Relation>
