<?xml version = '1.0' encoding = 'UTF-8'?>
<Relation class="oracle.dbtools.crest.model.design.logical.Relation" name="VET_SPECIALIZATION" directorySegmentName="seg_0" id="846AB982-FCDE-6407-0663-DBDB7B3FADD0">
<createdBy>mesh</createdBy>
<createdTime>2023-09-12 08:44:26 UTC</createdTime>
<ownerDesignName>pf_oraclemodel</ownerDesignName>
<engineerTo>
<item key="F0D5BC67-A73D-A5E7-5136-7CF41FDB6EBD" value="true"/>
</engineerTo>
<sourcePk>3417E94A-DD6B-1882-D6A1-FEB504F1B722</sourcePk>
<identifying>false</identifying>
<nameOnSource>specialized</nameOnSource>
<nameOnTarget>  </nameOnTarget>
<optionalSource>false</optionalSource>
<optionalTarget>false</optionalTarget>
<sourceCardinality>1</sourceCardinality>
<sourceEntity>5865C74F-84DF-303F-1DDD-185290950A28</sourceEntity>
<targetCardinalityString>*</targetCardinalityString>
<targetEntity>93B147B8-4EFC-3105-AC6D-D07C5B2A7676</targetEntity>
<transferable>true</transferable>
<deleteRule>NO ACTION</deleteRule>
</Relation>
