<?xml version = '1.0' encoding = 'UTF-8'?>
<Relation class="oracle.dbtools.crest.model.design.logical.Relation" name="PET_TYPE" directorySegmentName="seg_0" id="A158982F-8E2D-B3EA-1713-FBAD3823BAA3">
<createdBy>mesh</createdBy>
<createdTime>2023-09-12 08:48:48 UTC</createdTime>
<ownerDesignName>pf_oraclemodel</ownerDesignName>
<engineerTo>
<item key="F0D5BC67-A73D-A5E7-5136-7CF41FDB6EBD" value="true"/>
</engineerTo>
<sourcePk>688040B7-679B-474D-D0A6-1D704DF4245A</sourcePk>
<identifying>false</identifying>
<nameOnSource>has</nameOnSource>
<nameOnTarget>  </nameOnTarget>
<optionalSource>false</optionalSource>
<optionalTarget>false</optionalTarget>
<sourceCardinality>1</sourceCardinality>
<sourceEntity>DBA1394D-F796-BC51-8192-14A38BA6FDBD</sourceEntity>
<targetCardinalityString>*</targetCardinalityString>
<targetEntity>3405AF2F-B6C5-A9DB-2D1B-65DB9C1E9923</targetEntity>
<transferable>true</transferable>
<deleteRule>NO ACTION</deleteRule>
</Relation>
