<?xml version = '1.0' encoding = 'UTF-8'?>
<Relation class="oracle.dbtools.crest.model.design.logical.Relation" name="VET_TRAINING" directorySegmentName="seg_0" id="A199C9B0-10D9-94FD-786C-71B803386F92">
<createdBy>huangsirui</createdBy>
<createdTime>2023-09-11 13:31:02 UTC</createdTime>
<ownerDesignName>pf_oraclemodel</ownerDesignName>
<engineerTo>
<item key="F0D5BC67-A73D-A5E7-5136-7CF41FDB6EBD" value="true"/>
</engineerTo>
<sourcePk>E5814643-26F5-BD23-50BF-4CC0CBD80142</sourcePk>
<identifying>false</identifying>
<nameOnSource> </nameOnSource>
<nameOnTarget> provides</nameOnTarget>
<optionalSource>true</optionalSource>
<optionalTarget>false</optionalTarget>
<sourceCardinality>1</sourceCardinality>
<sourceEntity>93B147B8-4EFC-3105-AC6D-D07C5B2A7676</sourceEntity>
<targetCardinalityString>*</targetCardinalityString>
<targetEntity>654C2B53-ED8A-632A-5EBC-83C296177050</targetEntity>
<transferable>true</transferable>
<deleteRule>NO ACTION</deleteRule>
</Relation>
