<?xml version = '1.0' encoding = 'UTF-8'?>
<Relation class="oracle.dbtools.crest.model.design.logical.Relation" name="VET_VISIT" directorySegmentName="seg_0" id="A246A1AB-26BB-E7A9-6E12-C414AFBA6112">
<createdBy>huangsirui</createdBy>
<createdTime>2023-09-11 13:34:46 UTC</createdTime>
<ownerDesignName>pf_oraclemodel</ownerDesignName>
<engineerTo>
<item key="F0D5BC67-A73D-A5E7-5136-7CF41FDB6EBD" value="true"/>
</engineerTo>
<sourcePk>E5814643-26F5-BD23-50BF-4CC0CBD80142</sourcePk>
<identifying>false</identifying>
<nameOnSource> </nameOnSource>
<nameOnTarget>attends </nameOnTarget>
<optionalSource>true</optionalSource>
<optionalTarget>false</optionalTarget>
<sourceCardinality>1</sourceCardinality>
<sourceEntity>93B147B8-4EFC-3105-AC6D-D07C5B2A7676</sourceEntity>
<targetCardinalityString>*</targetCardinalityString>
<targetEntity>0F4472D2-B1CC-45AD-251C-B22E4B01A54A</targetEntity>
<transferable>true</transferable>
<deleteRule>NO ACTION</deleteRule>
</Relation>
