<?xml version = '1.0' encoding = 'UTF-8'?>
<Relation class="oracle.dbtools.crest.model.design.logical.Relation" name="PET_VISIT" directorySegmentName="seg_0" id="A5BD3989-77F5-B1BF-41E3-8F5B222DD269">
<createdBy>huangsirui</createdBy>
<createdTime>2023-09-11 13:57:03 UTC</createdTime>
<ownerDesignName>pf_oraclemodel</ownerDesignName>
<engineerTo>
<item key="F0D5BC67-A73D-A5E7-5136-7CF41FDB6EBD" value="true"/>
</engineerTo>
<sourcePk>37B0366D-3D6F-F2EA-BBD0-5A3915DE68F6</sourcePk>
<identifying>false</identifying>
<nameOnSource>sees</nameOnSource>
<nameOnTarget> </nameOnTarget>
<optionalSource>false</optionalSource>
<optionalTarget>false</optionalTarget>
<sourceCardinality>1</sourceCardinality>
<sourceEntity>3405AF2F-B6C5-A9DB-2D1B-65DB9C1E9923</sourceEntity>
<targetCardinalityString>*</targetCardinalityString>
<targetEntity>0F4472D2-B1CC-45AD-251C-B22E4B01A54A</targetEntity>
<transferable>true</transferable>
<deleteRule>NO ACTION</deleteRule>
</Relation>
