<?xml version = '1.0' encoding = 'UTF-8'?>
<Relation class="oracle.dbtools.crest.model.design.logical.Relation" name="CLINIC_TRAINING" directorySegmentName="seg_0" id="C0E62A9A-0F66-BEE9-5255-0687BB54967B">
<createdBy>huangsirui</createdBy>
<createdTime>2023-09-11 13:08:38 UTC</createdTime>
<ownerDesignName>pf_oraclemodel</ownerDesignName>
<engineerTo>
<item key="F0D5BC67-A73D-A5E7-5136-7CF41FDB6EBD" value="true"/>
</engineerTo>
<sourcePk>8BDCCB12-16FB-1A5C-AACC-7C5BEA2B9457</sourcePk>
<identifying>false</identifying>
<nameOnSource> </nameOnSource>
<nameOnTarget>happens in </nameOnTarget>
<optionalSource>true</optionalSource>
<optionalTarget>false</optionalTarget>
<sourceCardinality>1</sourceCardinality>
<sourceEntity>97EFB7D2-A0AE-6BE1-38B1-2C6F58E746EC</sourceEntity>
<targetCardinalityString>*</targetCardinalityString>
<targetEntity>654C2B53-ED8A-632A-5EBC-83C296177050</targetEntity>
<transferable>true</transferable>
<deleteRule>NO ACTION</deleteRule>
</Relation>
