<?xml version = '1.0' encoding = 'UTF-8'?>
<Relation class="oracle.dbtools.crest.model.design.logical.Relation" name="SERVICE2_VISITSERVICE" directorySegmentName="seg_0" id="E37928F7-8FF7-0BCF-3608-33F07E3B3C13">
<createdBy>nidhi</createdBy>
<createdTime>2023-09-12 06:46:37 UTC</createdTime>
<ownerDesignName>pf_oraclemodel</ownerDesignName>
<engineerTo>
<item key="F0D5BC67-A73D-A5E7-5136-7CF41FDB6EBD" value="true"/>
</engineerTo>
<sourcePk>4E287A25-AE7D-6241-E379-B07D9B81A67A</sourcePk>
<identifying>true</identifying>
<nameOnSource>checks</nameOnSource>
<nameOnTarget> </nameOnTarget>
<optionalSource>true</optionalSource>
<optionalTarget>false</optionalTarget>
<sourceCardinality>1</sourceCardinality>
<sourceEntity>5182910D-FCF2-FCB4-7839-AC19BFE6352D</sourceEntity>
<targetCardinalityString>*</targetCardinalityString>
<targetEntity>2471E679-060D-9848-424A-1CB6EDDAA886</targetEntity>
<transferable>true</transferable>
<deleteRule>NO ACTION</deleteRule>
</Relation>
