<?xml version = '1.0' encoding = 'UTF-8'?>
<FKIndexAssociation class="oracle.dbtools.crest.model.design.relational.FKIndexAssociation" directorySegmentName="seg_0" id="050B9512-BC4E-3FD9-8F5A-836A6BEA39FB" containerWithKeyObject="E3BA8A27-468C-6D21-1FCF-D0CFC643C07F" localFKIndex="6614024F-2590-3087-82E8-0B231F81E3DD" name="VET_TRAINING">
<createdBy>huangsirui</createdBy>
<createdTime>2023-09-14 01:56:40 UTC</createdTime>
<generatorID>A199C9B0-10D9-94FD-786C-71B803386F92</generatorID>
<ownerDesignName>pf_oraclemodel</ownerDesignName>
<referredTableLongName>VET</referredTableLongName>
<deleteRule>NO ACTION</deleteRule>
<referredTableID>4EFD9D6F-40B1-C752-1AD8-1549AC968C45</referredTableID>
<keyObject>918DA4A7-49F0-E050-4041-950DBC308C59</keyObject>
<referredKeyID>918DA4A7-49F0-E050-4041-950DBC308C59</referredKeyID>
<mandatory>true</mandatory>
<refColNames>vet_id</refColNames>
<transferable>true</transferable>
<rely>false</rely>
<columnDependencyConstraintGenerateInDDL>true</columnDependencyConstraintGenerateInDDL>
</FKIndexAssociation>
