<?xml version = '1.0' encoding = 'UTF-8'?>
<FKIndexAssociation class="oracle.dbtools.crest.model.design.relational.FKIndexAssociation" directorySegmentName="seg_0" id="100BA044-CB47-CC2A-E376-C1D63D7968AD" containerWithKeyObject="DAED4280-A60B-3D76-5280-27ECAB63418D" localFKIndex="A895421F-0185-2AE0-60B3-7F903470F90D" name="VET_CLINIC">
<createdBy>huangsirui</createdBy>
<createdTime>2023-09-14 01:56:40 UTC</createdTime>
<generatorID>0D493AF2-80B0-F1FB-3F98-4DD5EC78E72B</generatorID>
<ownerDesignName>pf_oraclemodel</ownerDesignName>
<referredTableLongName>VET</referredTableLongName>
<deleteRule>NO ACTION</deleteRule>
<referredTableID>4EFD9D6F-40B1-C752-1AD8-1549AC968C45</referredTableID>
<keyObject>918DA4A7-49F0-E050-4041-950DBC308C59</keyObject>
<referredKeyID>918DA4A7-49F0-E050-4041-950DBC308C59</referredKeyID>
<mandatory>true</mandatory>
<refColNames>vet_id</refColNames>
<transferable>true</transferable>
<rely>false</rely>
<columnDependencyConstraintGenerateInDDL>true</columnDependencyConstraintGenerateInDDL>
</FKIndexAssociation>
