<?xml version = '1.0' encoding = 'UTF-8'?>
<FKIndexAssociation class="oracle.dbtools.crest.model.design.relational.FKIndexAssociation" directorySegmentName="seg_0" id="1548706C-AB6C-7EDD-4B07-19E47B00738A" containerWithKeyObject="4964DAAA-5892-08CF-821D-23C34051A9C4" localFKIndex="1E874399-2AC8-F944-04B5-FDB81C739C96" name="VISIT2_DRUG">
<createdBy>huangsirui</createdBy>
<createdTime>2023-09-14 01:56:40 UTC</createdTime>
<generatorID>7FB26122-F066-8FEA-BB6B-C1866B3C5BEA</generatorID>
<ownerDesignName>pf_oraclemodel</ownerDesignName>
<referredTableLongName>VISIT</referredTableLongName>
<deleteRule>NO ACTION</deleteRule>
<referredTableID>F40CCC4B-F133-6128-13E0-3B80031F086B</referredTableID>
<keyObject>89101203-0140-2665-8C5E-D3F63169DE83</keyObject>
<referredKeyID>89101203-0140-2665-8C5E-D3F63169DE83</referredKeyID>
<mandatory>true</mandatory>
<refColNames>visit_id</refColNames>
<transferable>true</transferable>
<rely>false</rely>
<columnDependencyConstraintGenerateInDDL>true</columnDependencyConstraintGenerateInDDL>
</FKIndexAssociation>
