<?xml version = '1.0' encoding = 'UTF-8'?>
<FKIndexAssociation class="oracle.dbtools.crest.model.design.relational.FKIndexAssociation" directorySegmentName="seg_0" id="1DBC512B-43C2-C8BB-3E98-992DCE34F040" containerWithKeyObject="E3BA8A27-468C-6D21-1FCF-D0CFC643C07F" localFKIndex="997EF21D-D983-EEF3-CB81-AD6773A9E0CC" name="CLINIC_TRAINING">
<createdBy>huangsirui</createdBy>
<createdTime>2023-09-14 01:56:40 UTC</createdTime>
<generatorID>C0E62A9A-0F66-BEE9-5255-0687BB54967B</generatorID>
<ownerDesignName>pf_oraclemodel</ownerDesignName>
<referredTableLongName>CLINIC</referredTableLongName>
<deleteRule>NO ACTION</deleteRule>
<referredTableID>DAED4280-A60B-3D76-5280-27ECAB63418D</referredTableID>
<keyObject>E4B73493-8AB9-E1D7-FA7A-8AE891C9C89A</keyObject>
<referredKeyID>E4B73493-8AB9-E1D7-FA7A-8AE891C9C89A</referredKeyID>
<mandatory>true</mandatory>
<refColNames>clinic_id</refColNames>
<transferable>true</transferable>
<rely>false</rely>
<columnDependencyConstraintGenerateInDDL>true</columnDependencyConstraintGenerateInDDL>
</FKIndexAssociation>
