<?xml version = '1.0' encoding = 'UTF-8'?>
<FKIndexAssociation class="oracle.dbtools.crest.model.design.relational.FKIndexAssociation" directorySegmentName="seg_0" id="20077A21-C55F-A4B2-AFF6-E101C48AAE41" containerWithKeyObject="F40CCC4B-F133-6128-13E0-3B80031F086B" localFKIndex="14E6C693-4D26-28CB-8A94-9774479F20B8" name="VISIT_VISIT">
<createdBy>huangsirui</createdBy>
<createdTime>2023-09-14 01:56:40 UTC</createdTime>
<generatorID>2C7525E6-ED3F-7076-A66A-42746AF3AB5D</generatorID>
<ownerDesignName>pf_oraclemodel</ownerDesignName>
<referredTableLongName>VISIT</referredTableLongName>
<deleteRule>NO ACTION</deleteRule>
<referredTableID>F40CCC4B-F133-6128-13E0-3B80031F086B</referredTableID>
<keyObject>89101203-0140-2665-8C5E-D3F63169DE83</keyObject>
<referredKeyID>89101203-0140-2665-8C5E-D3F63169DE83</referredKeyID>
<mandatory>false</mandatory>
<refColNames>visit_id</refColNames>
<transferable>true</transferable>
<rely>false</rely>
<columnDependencyConstraintGenerateInDDL>true</columnDependencyConstraintGenerateInDDL>
</FKIndexAssociation>
