<?xml version = '1.0' encoding = 'UTF-8'?>
<FKIndexAssociation class="oracle.dbtools.crest.model.design.relational.FKIndexAssociation" directorySegmentName="seg_0" id="27B81596-64EF-2260-41D7-22661C3CCC6A" containerWithKeyObject="48B899BD-6621-9169-8F89-31CC45282EA6" localFKIndex="ED9DB2B1-5CF6-8C2A-0FAD-47B939C1F063" name="OWNER_PET">
<createdBy>huangsirui</createdBy>
<createdTime>2023-09-14 01:56:40 UTC</createdTime>
<generatorID>4B4B0942-FBA9-109B-395F-304853DEA61B</generatorID>
<ownerDesignName>pf_oraclemodel</ownerDesignName>
<referredTableLongName>OWNER</referredTableLongName>
<deleteRule>NO ACTION</deleteRule>
<referredTableID>98F197B8-178B-8359-4A96-990D538D0D95</referredTableID>
<keyObject>741B077D-5657-1138-3D25-53C8187D637F</keyObject>
<referredKeyID>741B077D-5657-1138-3D25-53C8187D637F</referredKeyID>
<mandatory>true</mandatory>
<refColNames>owner_id</refColNames>
<transferable>true</transferable>
<rely>false</rely>
<columnDependencyConstraintGenerateInDDL>true</columnDependencyConstraintGenerateInDDL>
</FKIndexAssociation>
