<?xml version = '1.0' encoding = 'UTF-8'?>
<FKIndexAssociation class="oracle.dbtools.crest.model.design.relational.FKIndexAssociation" directorySegmentName="seg_0" id="395EA4E8-33D0-BE64-9AAD-9B032F460FDF" containerWithKeyObject="4EFD9D6F-40B1-C752-1AD8-1549AC968C45" localFKIndex="271DBE8F-8038-A6A6-423A-0C23D2171408" name="CLINIC_VET">
<createdBy>huangsirui</createdBy>
<createdTime>2023-09-14 01:56:40 UTC</createdTime>
<generatorID>108B5D2B-39F2-3875-9246-B4FB0C9099AD</generatorID>
<ownerDesignName>pf_oraclemodel</ownerDesignName>
<referredTableLongName>CLINIC</referredTableLongName>
<deleteRule>NO ACTION</deleteRule>
<referredTableID>DAED4280-A60B-3D76-5280-27ECAB63418D</referredTableID>
<keyObject>E4B73493-8AB9-E1D7-FA7A-8AE891C9C89A</keyObject>
<referredKeyID>E4B73493-8AB9-E1D7-FA7A-8AE891C9C89A</referredKeyID>
<mandatory>true</mandatory>
<refColNames>clinic_id</refColNames>
<transferable>true</transferable>
<rely>false</rely>
<columnDependencyConstraintGenerateInDDL>true</columnDependencyConstraintGenerateInDDL>
</FKIndexAssociation>
