<?xml version = '1.0' encoding = 'UTF-8'?>
<FKIndexAssociation class="oracle.dbtools.crest.model.design.relational.FKIndexAssociation" directorySegmentName="seg_0" id="4811C422-42E5-8D3D-C670-2DAA29FA7F9A" containerWithKeyObject="4EFD9D6F-40B1-C752-1AD8-1549AC968C45" localFKIndex="63983195-E791-4ACD-E06A-3F4D75174D7C" name="VET_SPECIALIZATION">
<createdBy>huangsirui</createdBy>
<createdTime>2023-09-14 01:56:40 UTC</createdTime>
<generatorID>846AB982-FCDE-6407-0663-DBDB7B3FADD0</generatorID>
<ownerDesignName>pf_oraclemodel</ownerDesignName>
<referredTableLongName>SPECIALISATION</referredTableLongName>
<deleteRule>NO ACTION</deleteRule>
<referredTableID>007B18F5-AB0E-62C1-2318-DDBC8C6C255A</referredTableID>
<keyObject>F04733D9-EB11-B23D-CD0D-060E410D05F5</keyObject>
<referredKeyID>F04733D9-EB11-B23D-CD0D-060E410D05F5</referredKeyID>
<mandatory>true</mandatory>
<refColNames>spec_id</refColNames>
<transferable>true</transferable>
<rely>false</rely>
<columnDependencyConstraintGenerateInDDL>true</columnDependencyConstraintGenerateInDDL>
</FKIndexAssociation>
