<?xml version = '1.0' encoding = 'UTF-8'?>
<FKIndexAssociation class="oracle.dbtools.crest.model.design.relational.FKIndexAssociation" directorySegmentName="seg_0" id="6407A026-7191-DCBD-AE2D-BE72423F616D" containerWithKeyObject="48B899BD-6621-9169-8F89-31CC45282EA6" localFKIndex="EA46A7D9-0F75-0141-BEAD-8FB09514C8FA" name="PET_TYPE">
<createdBy>huangsirui</createdBy>
<createdTime>2023-09-14 01:56:40 UTC</createdTime>
<generatorID>A158982F-8E2D-B3EA-1713-FBAD3823BAA3</generatorID>
<ownerDesignName>pf_oraclemodel</ownerDesignName>
<referredTableLongName>PET_TYPE</referredTableLongName>
<deleteRule>NO ACTION</deleteRule>
<referredTableID>72A05719-4FEF-3CB3-2128-942BC8D6CAB0</referredTableID>
<keyObject>ACD7CD3F-630C-C679-0736-175785E1360A</keyObject>
<referredKeyID>ACD7CD3F-630C-C679-0736-175785E1360A</referredKeyID>
<mandatory>true</mandatory>
<refColNames>pet_type_id</refColNames>
<transferable>true</transferable>
<rely>false</rely>
<columnDependencyConstraintGenerateInDDL>true</columnDependencyConstraintGenerateInDDL>
</FKIndexAssociation>
