<?xml version = '1.0' encoding = 'UTF-8'?>
<FKIndexAssociation class="oracle.dbtools.crest.model.design.relational.FKIndexAssociation" directorySegmentName="seg_0" id="6706C7EA-FE8E-060B-2B39-42A0AD4131D7" containerWithKeyObject="FF9B618C-2C0C-1BFA-4C62-CB7BED185C6C" localFKIndex="5E010E78-3B55-F881-DEDE-0FDB26BE17A4" name="VET2_TRAIN">
<createdBy>huangsirui</createdBy>
<createdTime>2023-09-14 01:56:40 UTC</createdTime>
<generatorID>18F237DD-171A-04EC-DFDB-4D4232C21C62</generatorID>
<ownerDesignName>pf_oraclemodel</ownerDesignName>
<referredTableLongName>VET</referredTableLongName>
<deleteRule>NO ACTION</deleteRule>
<referredTableID>4EFD9D6F-40B1-C752-1AD8-1549AC968C45</referredTableID>
<keyObject>918DA4A7-49F0-E050-4041-950DBC308C59</keyObject>
<referredKeyID>918DA4A7-49F0-E050-4041-950DBC308C59</referredKeyID>
<mandatory>true</mandatory>
<refColNames>vet_id</refColNames>
<transferable>true</transferable>
<rely>false</rely>
<columnDependencyConstraintGenerateInDDL>true</columnDependencyConstraintGenerateInDDL>
</FKIndexAssociation>
