<?xml version = '1.0' encoding = 'UTF-8'?>
<FKIndexAssociation class="oracle.dbtools.crest.model.design.relational.FKIndexAssociation" directorySegmentName="seg_0" id="69D0F97C-32A1-F2E0-16E5-2C5A26DD4C20" containerWithKeyObject="411E1316-9E93-07A3-6E64-378C2995FEC2" localFKIndex="E54BF98E-2F36-60CC-3A96-CA302C041AF8" name="SERVICE2_VISITSERVICE">
<createdBy>huangsirui</createdBy>
<createdTime>2023-09-14 01:56:40 UTC</createdTime>
<generatorID>E37928F7-8FF7-0BCF-3608-33F07E3B3C13</generatorID>
<ownerDesignName>pf_oraclemodel</ownerDesignName>
<referredTableLongName>SERVICE</referredTableLongName>
<deleteRule>NO ACTION</deleteRule>
<referredTableID>4FE34366-949F-8E4A-7C46-7084BD3EDACD</referredTableID>
<keyObject>6D016FCD-CE5C-4E0B-210B-354154AE1387</keyObject>
<referredKeyID>6D016FCD-CE5C-4E0B-210B-354154AE1387</referredKeyID>
<mandatory>true</mandatory>
<refColNames>service_code</refColNames>
<transferable>true</transferable>
<rely>false</rely>
<columnDependencyConstraintGenerateInDDL>true</columnDependencyConstraintGenerateInDDL>
</FKIndexAssociation>
