<?xml version = '1.0' encoding = 'UTF-8'?>
<FKIndexAssociation class="oracle.dbtools.crest.model.design.relational.FKIndexAssociation" directorySegmentName="seg_0" id="6AE0E857-78E0-E958-29A4-62BEE121A162" containerWithKeyObject="F40CCC4B-F133-6128-13E0-3B80031F086B" localFKIndex="F84D7B5E-F1D4-7F34-2E40-4D52C8B0C184" name="CLINIC_VISIT">
<createdBy>huangsirui</createdBy>
<createdTime>2023-09-14 01:56:40 UTC</createdTime>
<generatorID>2B8CB46B-8F7A-9D45-CA06-FFBF9A8087D4</generatorID>
<ownerDesignName>pf_oraclemodel</ownerDesignName>
<referredTableLongName>CLINIC</referredTableLongName>
<deleteRule>NO ACTION</deleteRule>
<referredTableID>DAED4280-A60B-3D76-5280-27ECAB63418D</referredTableID>
<keyObject>E4B73493-8AB9-E1D7-FA7A-8AE891C9C89A</keyObject>
<referredKeyID>E4B73493-8AB9-E1D7-FA7A-8AE891C9C89A</referredKeyID>
<mandatory>true</mandatory>
<refColNames>clinic_id</refColNames>
<transferable>true</transferable>
<rely>false</rely>
<columnDependencyConstraintGenerateInDDL>true</columnDependencyConstraintGenerateInDDL>
</FKIndexAssociation>
