<?xml version = '1.0' encoding = 'UTF-8'?>
<FKIndexAssociation class="oracle.dbtools.crest.model.design.relational.FKIndexAssociation" directorySegmentName="seg_0" id="70746E8A-C906-DFE7-3E48-DB8CAC8BC3DB" containerWithKeyObject="F40CCC4B-F133-6128-13E0-3B80031F086B" localFKIndex="57944C06-3471-88FE-6CBE-9F518D5F9D4D" name="PET_VISIT">
<createdBy>huangsirui</createdBy>
<createdTime>2023-09-14 01:56:40 UTC</createdTime>
<generatorID>A5BD3989-77F5-B1BF-41E3-8F5B222DD269</generatorID>
<ownerDesignName>pf_oraclemodel</ownerDesignName>
<referredTableLongName>PET</referredTableLongName>
<deleteRule>NO ACTION</deleteRule>
<referredTableID>48B899BD-6621-9169-8F89-31CC45282EA6</referredTableID>
<keyObject>1C01482B-50A8-C711-B340-784E68B04E90</keyObject>
<referredKeyID>1C01482B-50A8-C711-B340-784E68B04E90</referredKeyID>
<mandatory>true</mandatory>
<refColNames>pet_id</refColNames>
<transferable>true</transferable>
<rely>false</rely>
<columnDependencyConstraintGenerateInDDL>true</columnDependencyConstraintGenerateInDDL>
</FKIndexAssociation>
