<?xml version = '1.0' encoding = 'UTF-8'?>
<FKIndexAssociation class="oracle.dbtools.crest.model.design.relational.FKIndexAssociation" directorySegmentName="seg_0" id="B848D3EC-80EE-7BD4-D276-B35C96FC99C3" containerWithKeyObject="FF9B618C-2C0C-1BFA-4C62-CB7BED185C6C" localFKIndex="F5D5046A-DC85-2A6B-0160-6B6ACBAD2CCF" name="VET_TRAININGv2">
<createdBy>huangsirui</createdBy>
<createdTime>2023-09-14 01:56:40 UTC</createdTime>
<generatorID>5470C153-006F-6395-07AC-9717DF067725</generatorID>
<ownerDesignName>pf_oraclemodel</ownerDesignName>
<referredTableLongName>TRAINING</referredTableLongName>
<deleteRule>NO ACTION</deleteRule>
<referredTableID>E3BA8A27-468C-6D21-1FCF-D0CFC643C07F</referredTableID>
<keyObject>AACF7C26-F00F-1BDB-87B2-B1FB2CDFF5CC</keyObject>
<referredKeyID>AACF7C26-F00F-1BDB-87B2-B1FB2CDFF5CC</referredKeyID>
<mandatory>true</mandatory>
<refColNames>train_id</refColNames>
<transferable>true</transferable>
<rely>false</rely>
<columnDependencyConstraintGenerateInDDL>true</columnDependencyConstraintGenerateInDDL>
</FKIndexAssociation>
