<?xml version = '1.0' encoding = 'UTF-8'?>
<FKIndexAssociation class="oracle.dbtools.crest.model.design.relational.FKIndexAssociation" directorySegmentName="seg_0" id="C37E18C3-2212-F34C-6DA2-D0F68961DA34" containerWithKeyObject="4964DAAA-5892-08CF-821D-23C34051A9C4" localFKIndex="C4A2DE4E-CAC6-E885-C4D1-59865334A780" name="VISIT_DRUG2">
<createdBy>huangsirui</createdBy>
<createdTime>2023-09-14 01:56:40 UTC</createdTime>
<generatorID>1A85272C-9404-4F08-9E57-D4457200ED60</generatorID>
<ownerDesignName>pf_oraclemodel</ownerDesignName>
<referredTableLongName>DRUG</referredTableLongName>
<deleteRule>NO ACTION</deleteRule>
<referredTableID>0D6DD69B-B76A-AAA9-B84E-7D15D3F50D2F</referredTableID>
<keyObject>C0EB8FF8-257C-34B0-FE6A-42B11D4BECCE</keyObject>
<referredKeyID>C0EB8FF8-257C-34B0-FE6A-42B11D4BECCE</referredKeyID>
<mandatory>true</mandatory>
<refColNames>drug_id</refColNames>
<transferable>true</transferable>
<rely>false</rely>
<columnDependencyConstraintGenerateInDDL>true</columnDependencyConstraintGenerateInDDL>
</FKIndexAssociation>
