<?xml version = '1.0' encoding = 'UTF-8'?>
<FKIndexAssociation class="oracle.dbtools.crest.model.design.relational.FKIndexAssociation" directorySegmentName="seg_0" id="E5AEC47D-E509-B728-99B2-B3163EC1BA5A" containerWithKeyObject="411E1316-9E93-07A3-6E64-378C2995FEC2" localFKIndex="8233B0CB-C705-213F-0454-F3A9130D0BC8" name="VISITSERVICETAKEN">
<createdBy>huangsirui</createdBy>
<createdTime>2023-09-14 01:56:40 UTC</createdTime>
<generatorID>1C3A861C-976F-487F-6025-0FD4F9DC079C</generatorID>
<ownerDesignName>pf_oraclemodel</ownerDesignName>
<referredTableLongName>VISIT</referredTableLongName>
<deleteRule>NO ACTION</deleteRule>
<referredTableID>F40CCC4B-F133-6128-13E0-3B80031F086B</referredTableID>
<keyObject>89101203-0140-2665-8C5E-D3F63169DE83</keyObject>
<referredKeyID>89101203-0140-2665-8C5E-D3F63169DE83</referredKeyID>
<mandatory>true</mandatory>
<refColNames>visit_id</refColNames>
<transferable>true</transferable>
<rely>false</rely>
<columnDependencyConstraintGenerateInDDL>true</columnDependencyConstraintGenerateInDDL>
</FKIndexAssociation>
