<?xml version = '1.0' encoding = 'UTF-8'?>
<FKIndexAssociation class="oracle.dbtools.crest.model.design.relational.FKIndexAssociation" directorySegmentName="seg_0" id="F65F0DF5-ABEA-E1F1-EAE8-8F55C8B40E4C" containerWithKeyObject="F40CCC4B-F133-6128-13E0-3B80031F086B" localFKIndex="EDF63790-DD5A-E336-B496-1000EF5BAA10" name="VET_VISIT">
<createdBy>huangsirui</createdBy>
<createdTime>2023-09-14 01:56:40 UTC</createdTime>
<generatorID>A246A1AB-26BB-E7A9-6E12-C414AFBA6112</generatorID>
<ownerDesignName>pf_oraclemodel</ownerDesignName>
<referredTableLongName>VET</referredTableLongName>
<deleteRule>NO ACTION</deleteRule>
<referredTableID>4EFD9D6F-40B1-C752-1AD8-1549AC968C45</referredTableID>
<keyObject>918DA4A7-49F0-E050-4041-950DBC308C59</keyObject>
<referredKeyID>918DA4A7-49F0-E050-4041-950DBC308C59</referredKeyID>
<mandatory>true</mandatory>
<refColNames>vet_id</refColNames>
<transferable>true</transferable>
<rely>false</rely>
<columnDependencyConstraintGenerateInDDL>true</columnDependencyConstraintGenerateInDDL>
</FKIndexAssociation>
